Key,ES,EN,PT,DE,FR,IT
MENU_PLAY,Jugar,Play,Jogar,Spielen,Jouer,Gioca
MENU_CREATE_SESSION,Crear partida,Create Game,Criar partida,Spiel erstellen,Créer une partie,Crea partita
MENU_FIND_SESSIONS,Buscar partidas,Find Games,Procurar partidas,Spiele suchen,Rechercher des parties,Cerca partite
MENU_JOIN_BY_CODE,Unirse con código,Join with Code,Entrar com código,Mit Code beitreten,Rejoindre avec un code,Entra con codice
MENU_SETTINGS,Configuración,Settings,Configurações,Einstellungen,Paramètres,Impostazioni
MENU_QUIT,Salir,Quit,Sair,Beenden,Quitter,Esci
MENU_BACK,Volver,Back,Voltar,Zurück,Retour,Indietro
MENU_CANCEL,Cancelar,Cancel,Cancelar,Abbrechen,Annuler,Annulla
MENU_CONFIRM,Confirmar,Confirm,Confirmar,Bestätigen,Confirmer,Conferma
MENU_CODE_COPIED,Código: {0} (copiado al portapapeles),Code: {0} (copied to clipboard),Código: {0} (copiado),Code: {0} (kopiert),Code : {0} (copié),Codice: {0} (copiato)
CREATE_SESSION_TITLE,Crear partida,Create Game,Criar partida,Spiel erstellen,Créer une partie,Crea partita
CREATE_SESSION_NAME,Nombre de la sala,Room Name,Nome da sala,Raumname,Nom du salon,Nome stanza
CREATE_SESSION_PRIVATE,Sala privada,Private Room,Sala privada,Privater Raum,Salon privé,Stanza privata
CREATE_SESSION_PASSWORD,Contraseña,Password,Senha,Passwort,Mot de passe,Password
CREATE_SESSION_MAX_PLAYERS,Jugadores máximos,Max Players,Jogadores máximos,Max. Spieler,Joueurs max,Giocatori max
CREATE_SESSION_START,Crear,Create,Criar,Erstellen,Créer,Crea
FIND_SESSIONS_TITLE,Partidas disponibles,Available Games,Partidas disponíveis,Verfügbare Spiele,Parties disponibles,Partite disponibili
FIND_SESSIONS_REFRESH,Actualizar,Refresh,Atualizar,Aktualisieren,Actualiser,Aggiorna
FIND_SESSIONS_EMPTY,No se encontraron partidas,No games found,Nenhuma partida encontrada,Keine Spiele gefunden,Aucune partie trouvée,Nessuna partita trovata
FIND_SESSIONS_SEARCHING,Buscando...,Searching...,Procurando...,Suche...,Recherche...,Ricerca...
SESSION_JOIN,UNIRSE,JOIN,ENTRAR,BEITRETEN,REJOINDRE,ENTRA
SESSION_FULL,LLENA,FULL,CHEIA,VOLL,COMPLET,PIENA
ENTER_CODE_TITLE,Ingresá el código,Enter the Code,Digite o código,Code eingeben,Entrez le code,Inserisci il codice
ENTER_CODE_PLACEHOLDER,Código de sala,Room Code,Código da sala,Raumcode,Code du salon,Codice stanza
ENTER_CODE_JOIN,Unirse,Join,Entrar,Beitreten,Rejoindre,Entra
SETTINGS_TITLE,Configuración,Settings,Configurações,Einstellungen,Paramètres,Impostazioni
SETTINGS_VOLUME,Volumen,Volume,Volume,Lautstärke,Volume,Volume
SETTINGS_LANGUAGE,Idioma,Language,Idioma,Sprache,Langue,Lingua
SETTINGS_GRAPHICS,Calidad gráfica,Graphics Quality,Qualidade gráfica,Grafikqualität,Qualité graphique,Qualità grafica
SETTINGS_VSYNC,Vsync,Vsync,Vsync,Vsync,Vsync,Vsync
SETTINGS_FULLSCREEN,Pantalla completa,Fullscreen,Tela cheia,Vollbild,Plein écran,Schermo intero
SETTINGS_APPLY,Aplicar,Apply,Aplicar,Anwenden,Appliquer,Applica
SETTINGS_CLOSE,Cerrar,Close,Fechar,Schließen,Fermer,Chiudi
SETTINGS_LOW,Baja,Low,Baixa,Niedrig,Basse,Bassa
SETTINGS_MEDIUM,Media,Medium,Média,Mittel,Moyenne,Media
SETTINGS_HIGH,Alta,High,Alta,Hoch,Élevée,Alta
SETTINGS_EPIC,Épica,Epic,Épica,Episch,Épique,Epica
SETTINGS_LANG_MENU_ONLY,El idioma se cambia desde el menú principal,Language can only be changed from the main menu,O idioma é alterado no menu principal,Die Sprache wird im Hauptmenü geändert,La langue se change depuis le menu principal,La lingua si cambia dal menu principale
LOBBY_TITLE,Sala de espera,Lobby,Sala de espera,Lobby,Salon,Lobby
LOBBY_PLAYERS,Jugadores,Players,Jogadores,Spieler,Joueurs,Giocatori
LOBBY_HOST,Anfitrión,Host,Anfitrião,Gastgeber,Hôte,Host
LOBBY_READY,Listo,Ready,Pronto,Bereit,Prêt,Pronto
LOBBY_WAITING,Esperando,Waiting,Aguardando,Wartet,En attente,In attesa
LOBBY_BTN_READY,Listo,Ready,Pronto,Bereit,Prêt,Pronto
LOBBY_BTN_NOT_READY,No listo,Not Ready,Não pronto,Nicht bereit,Pas prêt,Non pronto
LOBBY_STARTING,Arrancando...,Starting...,Começando...,Startet...,Démarrage...,Avvio...
LOBBY_IN_GAME,En partida,In game,Em jogo,Im Spiel,En partie,In gioco
LOBBY_WAITING_PLAYERS,Esperando jugadores...,Waiting for players...,Aguardando jogadores...,Warte auf Spieler...,En attente de joueurs...,In attesa di giocatori...
LOBBY_STARTS_IN,Arranca en {0}...,Starts in {0}...,Começa em {0}...,Beginnt in {0}...,Commence dans {0}...,Inizia tra {0}...
LOBBY_START_GAME,Empezar partida,Start Game,Começar partida,Spiel starten,Démarrer la partie,Avvia partita
LOBBY_GAME_SETTINGS,Opciones de partida,Game Settings,Opções da partida,Spieloptionen,Options de partie,Opzioni partita
LOBBY_ROOM_CODE,Código de sala,Room Code,Código da sala,Raumcode,Code du salon,Codice stanza
LOBBY_LEAVE,Salir de la sala,Leave Room,Sair da sala,Raum verlassen,Quitter le salon,Esci dalla stanza
LOBBY_CUSTOMIZE_HEAD,G — Esculpir tu cabeza,G — Sculpt Your Head,G — Esculpir sua cabeça,G — Kopf formen,G — Sculpter votre tête,G — Scolpisci la testa
LOBBY_TURN_TIME,Tiempo por turno,Turn Time,Tempo por turno,Zugzeit,Temps par tour,Tempo per turno
LOBBY_ROUNDS,Rondas,Rounds,Rodadas,Runden,Manches,Round
LOBBY_REVEAL,Letras reveladas,Revealed Letters,Letras reveladas,Aufgedeckte Buchstaben,Lettres révélées,Lettere rivelate
LOBBY_DIFFICULTY,Dificultad,Difficulty,Dificuldade,Schwierigkeit,Difficulté,Difficoltà
LOBBY_DIFF_EASY,Fácil,Easy,Fácil,Leicht,Facile,Facile
LOBBY_DIFF_MEDIUM,Media,Medium,Média,Mittel,Moyenne,Media
LOBBY_DIFF_HARD,Difícil,Hard,Difícil,Schwer,Difficile,Difficile
LOBBY_CATEGORIES,Categorías,Categories,Categorias,Kategorien,Catégories,Categorie
LOBBY_LOAD_CSV,Cargar CSV propio,Load Custom CSV,Carregar CSV próprio,Eigene CSV laden,Charger un CSV,Carica CSV
LOBBY_CSV_DEFAULT,Temática default,Default theme,Temática padrão,Standard-Thema,Thème par défaut,Tematica predefinita
LOBBY_CSV_CUSTOM,CSV propio: {0} palabras,Custom CSV: {0} words,CSV próprio: {0} palavras,Eigene CSV: {0} Wörter,CSV : {0} mots,CSV: {0} parole
HUD_ROUND,Ronda,Round,Rodada,Runde,Manche,Round
HUD_SECONDS_SHORT,seg,sec,seg,Sek,s,sec
HUD_WAITING_PLAYERS,Esperando jugadores...,Waiting for players...,Aguardando jogadores...,Warte auf Spieler...,En attente de joueurs...,In attesa di giocatori...
HUD_RESULTS,Resultados,Results,Resultados,Ergebnisse,Résultats,Risultati
HUD_CHOOSE_WORD,Elegí una palabra,Choose a word,Escolha uma palavra,Wähle ein Wort,Choisis un mot,Scegli una parola
HUD_YOUR_TURN,¡Te toca esculpir!,Your turn to sculpt!,Sua vez de esculpir!,Du bist dran!,À toi de sculpter !,Tocca a te scolpire!
HUD_SCORE,Puntos,Score,Pontos,Punkte,Score,Punti
HUD_PLAY_AGAIN,Jugar de nuevo,Play Again,Jogar de novo,Nochmal spielen,Rejouer,Gioca ancora
HUD_RETURN_LOBBY,Volver a la sala,Return to Lobby,Voltar à sala,Zurück zur Lobby,Retour au salon,Torna alla lobby
HUD_CHAT_PLACEHOLDER,Escribí tu respuesta...,Type your guess...,Digite seu palpite...,Tippe deine Antwort...,Écris ta réponse...,Scrivi la tua risposta...
HUD_OUT_OF_BOUNDS,Fuera del área de modelado,Outside the sculpting area,Fora da área de modelagem,Außerhalb des Modellierbereichs,Hors de la zone de sculpture,Fuori dall'area di modellazione
CHAT_WORD_WAS,La palabra era: {0},The word was: {0},A palavra era: {0},Das Wort war: {0},Le mot était : {0},La parola era: {0}
CHAT_WINNER,¡Ganó {0} con {1} puntos!,{0} wins with {1} points!,{0} venceu com {1} pontos!,{0} gewinnt mit {1} Punkten!,{0} gagne avec {1} points !,{0} vince con {1} punti!
CHAT_GUESSED_IT,¡adivinó la palabra!,guessed the word!,acertou a palavra!,hat das Wort erraten!,a deviné le mot !,ha indovinato la parola!
CHAT_CLOSE_GUESS,¡Estás cerca!,You're close!,Está perto!,Fast richtig!,Tu y es presque !,Ci sei quasi!
GUESS_YOU_WORD,La palabra era «{0}»,The word was «{0}»,A palavra era «{0}»,Das Wort war «{0}»,Le mot était «{0}»,La parola era «{0}»
GUESS_POINTS,+{0},+{0},+{0},+{0},+{0},+{0}
GUESS_ALL,¡Todos adivinaron!,Everyone guessed it!,Todos acertaram!,Alle haben es erraten!,Tout le monde a deviné !,Tutti hanno indovinato!
BUBBLE_GUESSED_IT,¡Adivinó la palabra!,Guessed the word!,Acertou a palavra!,Wort erraten!,Mot deviné !,Parola indovinata!
TOOL_ADD,Agregar,Add,Adicionar,Hinzufügen,Ajouter,Aggiungi
TOOL_ERASE,Borrar,Erase,Apagar,Löschen,Effacer,Cancella
TOOL_PAINT,Pintar,Paint,Pintar,Malen,Peindre,Dipingi
TOOL_EYES,Ojos,Eyes,Olhos,Augen,Yeux,Occhi
TOOL_DETAIL,Detalle,Detail,Detalhe,Detail,Détail,Dettaglio
HINT_BRUSH_SIZE,Tamaño,Size,Tamanho,Größe,Taille,Dimensione
TOOL_CLEAR_ALL,Borrar todo,Clear All,Apagar tudo,Alles löschen,Tout effacer,Cancella tutto
SHAPE_SPHERE,Esfera,Sphere,Esfera,Kugel,Sphère,Sfera
SHAPE_CUBE,Cubo,Cube,Cubo,Würfel,Cube,Cubo
SHAPE_CYLINDER,Cilindro,Cylinder,Cilindro,Zylinder,Cylindre,Cilindro
SHAPE_CONE,Cono,Cone,Cone,Kegel,Cône,Cono
SHAPE_HINT,Formas,Shapes,Formas,Formen,Formes,Forme
HINT_SAVE_COLOR,Guardar color,Save Color,Salvar cor,Farbe speichern,Enregistrer la couleur,Salva colore
HINT_COLOR,Color,Color,Cor,Farbe,Couleur,Colore
PIVOT_HINT,Acomoda el pivote — Click: confirmar · Rueda: subir/bajar · Retroceso: cancelar,Place the pivot — Click: confirm · Wheel: up/down · Backspace: cancel,Posicione o pivô — Clique: confirmar · Roda: subir/descer · Backspace: cancelar,Pivot setzen — Klick: bestätigen · Rad: hoch/runter · Rücktaste: abbrechen,Placez le pivot — Clic : confirmer · Molette : monter/descendre · Retour arrière : annuler,Posiziona il pivot — Clic: conferma · Rotella: su/giù · Backspace: annulla
THEME_TITLE,¡A jugar!,Let's play!,Vamos jogar!,Auf geht's!,C'est parti !,Si gioca!
THEME_MAP,Mapa: {0},Map: {0},Mapa: {0},Karte: {0},Carte : {0},Mappa: {0}
THEME_WORDPACK,Temática: {0},Theme: {0},Temática: {0},Thema: {0},Thème : {0},Tematica: {0}
SCULPT_MODE,Modo Escultura,Sculpt mode,Modo Escultura,Skulptur-Modus,Mode Sculpture,Modalità Scultura
MODE_LEVEL_EDIT,Modo Edición de Nivel,Level Edit mode,Modo Edição de Nível,Level-Bearbeitung,Mode Édition,Modifica Livello
MODE_CHANGING,Cambiando modo...,Switching mode...,Mudando de modo...,Modus wechselt...,Changement de mode...,Cambio modalità...
MAP_SAVED,Escenario guardado,Map saved,Cenário salvo,Karte gespeichert,Carte enregistrée,Mappa salvata
MODEL_SAVED,¡Modelo guardado!,Model saved!,Modelo salvo!,Modell gespeichert!,Modèle enregistré !,Modello salvato!
MEMORY_FULL,¡Límite de memoria alcanzado!,Memory limit reached!,Limite de memória atingido!,Speicherlimit erreicht!,Limite de mémoire atteinte !,Limite di memoria raggiunto!
MEMORY_FULL_SHORT,¡Memoria llena!,Memory full!,Memória cheia!,Speicher voll!,Mémoire pleine !,Memoria piena!
HINT_BAKE,Cocinar,Bake,Assar,Backen,Cuire,Cuoci
HINT_PLANE_VERTICAL,Plano vertical,Vertical Plane,Plano vertical,Vertikale Ebene,Plan vertical,Piano verticale
HINT_PLANE_HORIZONTAL,Plano horizontal,Horizontal Plane,Plano horizontal,Horizontale Ebene,Plan horizontal,Piano orizzontale
PICKER_SAVE_COLOR,E — Guardar color,E — Save Color,E — Salvar cor,E — Farbe speichern,E — Enregistrer la couleur,E — Salva colore
SCULPT_UNDO,Deshacer,Undo,Desfazer,Rückgängig,Annuler,Annulla
SCULPT_CLEAR,Borrar,Clear,Limpar,Löschen,Effacer,Cancella
LOCKER,Casillero,Locker,Armário,Spind,Casier,Armadietto
LOCKER_HEAD,Cabeza,Head,Cabeça,Kopf,Tête,Testa
LOCKER_BODY,Cuerpo,Body,Corpo,Körper,Corps,Corpo
LOCKER_SKIN,Skin,Skin,Skin,Skin,Skin,Skin
LOCKER_EMPTY,Vacío,Empty,Vazio,Leer,Vide,Vuoto
LOCKER_EQUIPPED,equipado,equipped,equipado,ausgerüstet,équipé,equipaggiato
LOCKER_EQUIP,Equipar,Equip,Equipar,Ausrüsten,Équiper,Equipaggia
LOCKER_CREATE,Crear,Create,Criar,Erstellen,Créer,Crea
LOCKER_EDIT,Editar,Edit,Editar,Bearbeiten,Modifier,Modifica
LOCKER_SAVE_CHANGES,¿Guardar los cambios?,Save changes?,Salvar alterações?,Änderungen speichern?,Enregistrer les modifications?,Salvare le modifiche?
LOCKER_CONFIRM,Confirmar,Confirm,Confirmar,Bestätigen,Confirmer,Conferma
LOCKER_BACK,Salir,Exit,Sair,Zurück,Quitter,Esci
LOCKER_SAVE,Guardar,Save,Salvar,Speichern,Enregistrer,Salva
LOCKER_DISCARD,Descartar,Discard,Descartar,Verwerfen,Abandonner,Scarta
LOCKER_APPLY_EQUIP,Aplicar y equipar,Apply & equip,Aplicar e equipar,Übernehmen & ausrüsten,Appliquer et équiper,Applica ed equipaggia
LOCKER_DONT_SAVE,No guardar,Don't save,Não salvar,Nicht speichern,Ne pas enregistrer,Non salvare
HEAD_PAINT_BUDGET,Pintura,Paint,Tinta,Farbe,Peinture,Vernice
HEAD_PAINT_BUDGET_FULL,¡Sin pintura!,Out of paint!,Sem tinta!,Keine Farbe mehr!,Plus de peinture!,Vernice esaurita!
KEY_MOVE,Mover,Move,Mover,Bewegen,Se déplacer,Muovi
KEY_LOOK,Cámara,Camera,Câmera,Kamera,Caméra,Camera
KEY_FLY_UP,Subir,Fly Up,Subir,Aufsteigen,Monter,Sali
KEY_FLY_DOWN,Bajar,Fly Down,Descer,Absteigen,Descendre,Scendi
KEY_SCULPT,Esculpir,Sculpt,Esculpir,Formen,Sculpter,Scolpisci
KEY_BRUSH_SIZE,Tamaño de brocha,Brush Size,Tamanho do pincel,Pinselgröße,Taille du pinceau,Dimensione pennello
KEY_MODE_ADD,Modo: Agregar,Mode: Add,Modo: Adicionar,Modus: Hinzufügen,Mode : Ajouter,Modalità: Aggiungi
KEY_MODE_ERASE,Modo: Borrar,Mode: Erase,Modo: Apagar,Modus: Löschen,Mode : Effacer,Modalità: Cancella
KEY_MODE_PAINT,Modo: Pintar,Mode: Paint,Modo: Pintar,Modus: Malen,Mode : Peindre,Modalità: Dipingi
KEY_MODE_EYES,Modo: Ojos,Mode: Eyes,Modo: Olhos,Modus: Augen,Mode : Yeux,Modalità: Occhi
KEY_CYCLE_SHAPE,Cambiar forma,Cycle Shape,Trocar forma,Form wechseln,Changer de forme,Cambia forma
KEY_AXIS_VERT,Plano vertical,Vertical Plane,Plano vertical,Vertikale Ebene,Plan vertical,Piano verticale
KEY_AXIS_HORIZ,Plano horizontal,Horizontal Plane,Plano horizontal,Horizontale Ebene,Plan horizontal,Piano orizzontale
KEY_ROTATE_SHAPE,Rotar forma,Rotate Shape,Girar forma,Form drehen,Tourner la forme,Ruota forma
KEY_CLEAR_ALL,Deshacer / Borrar todo (3s),Undo / Clear All (3s),Desfazer / Apagar tudo (3s),Rückgängig / Alles löschen (3s),Annuler / Tout effacer (3s),Annulla / Cancella tutto (3s)
KEY_COLOR_PICK,Elegir color,Pick Color,Escolher cor,Farbe wählen,Choisir la couleur,Scegli colore
KEY_SAVE_COLOR,Guardar color,Save Color,Salvar cor,Farbe speichern,Enregistrer la couleur,Salva colore
KEY_CHAT,Chat,Chat,Chat,Chat,Chat,Chat
KEY_SKY_PANEL,Ambiente,Environment,Ambiente,Umgebung,Ambiance,Ambiente
KEY_PAUSE,Pausa,Pause,Pausa,Pause,Pause,Pausa
HEAD_CTRL_CAMERA,WASD — Girar cámara,WASD — Rotate camera,WASD — Girar câmera,WASD — Kamera drehen,WASD — Tourner la caméra,WASD — Ruota camera
HEAD_CTRL_BRUSH,Rueda — Tamaño,Wheel — Size,Roda — Tamanho,Rad — Größe,Molette — Taille,Rotella — Dimensione
HEAD_CTRL_COLOR,Click der. — Color,Right click — Color,Botão dir. — Cor,Rechtsklick — Farbe,Clic droit — Couleur,Tasto dx — Colore
HEAD_CTRL_EXIT,G — Salir y guardar,G — Exit and save,G — Sair e salvar,G — Beenden und speichern,G — Quitter et enregistrer,G — Esci e salva
HEAD_APPLY,Aplicar y salir,Apply and exit,Aplicar e sair,Anwenden und beenden,Appliquer et quitter,Applica ed esci
HEAD_PAINT_BODY,Cabeza / Cuerpo,Head / Body,Cabeça / Corpo,Kopf / Körper,Tête / Corps,Testa / Corpo
PAUSE_TITLE,Pausa,Paused,Pausado,Pausiert,En pause,In pausa
PAUSE_RESUME,Continuar,Resume,Continuar,Fortsetzen,Reprendre,Riprendi
PAUSE_SETTINGS,Configuración,Settings,Configurações,Einstellungen,Paramètres,Impostazioni
PAUSE_LEAVE,Salir al menú,Quit to Menu,Sair para o menu,Zum Menü,Quitter vers le menu,Esci al menu
ERR_STEAM_CONNECT,No se pudo conectar con Steam,Could not connect to Steam,Não foi possível conectar à Steam,Verbindung zu Steam fehlgeschlagen,Impossible de se connecter à Steam,Impossibile connettersi a Steam
ERR_CREATE_SESSION,No se pudo crear la sesión,Could not create the game,Não foi possível criar a partida,Spiel konnte nicht erstellt werden,Impossible de créer la partie,Impossibile creare la partita
ERR_JOIN_SESSION,No se pudo unir a la sesión,Could not join the game,Não foi possível entrar na partida,Beitritt zum Spiel fehlgeschlagen,Impossible de rejoindre la partie,Impossibile entrare nella partita
ERR_INVALID_CODE,Código inválido,Invalid code,Código inválido,Ungültiger Code,Code invalide,Codice non valido
ERR_SESSION_NOT_FOUND,No se encontró la partida,Game not found,Partida não encontrada,Spiel nicht gefunden,Partie introuvable,Partita non trovata
ERR_KICKED,El anfitrión te expulsó de la partida,The host kicked you from the game,O anfitrião te expulsou da partida,Der Gastgeber hat dich entfernt,L'hôte vous a expulsé,L'host ti ha espulso
INVITE_HOST_OFFLINE,No podés invitar: no estás conectado a Steam,Can't invite: you're not connected to Steam,Não pode convidar: não está conectado à Steam,Einladen nicht möglich: nicht mit Steam verbunden,Invitation impossible : non connecté à Steam,Impossibile invitare: non connesso a Steam
ERR_WRONG_PASSWORD,Contraseña incorrecta,Wrong password,Senha incorreta,Falsches Passwort,Mot de passe incorrect,Password errata
ERR_CONNECT_SESSION,No se pudo conectar a la sesión,Could not connect to the game,Não foi possível conectar à partida,Verbindung zum Spiel fehlgeschlagen,Impossible de se connecter à la partie,Impossibile connettersi alla partita
ERR_SESSION_FULL,La sala está llena,The room is full,A sala está cheia,Der Raum ist voll,Le salon est plein,La stanza è piena
ERR_HOST_LEFT,El anfitrión cerró la partida,The host closed the game,O anfitrião encerrou a partida,Der Gastgeber hat das Spiel beendet,L'hôte a fermé la partie,L'host ha chiuso la partita
FRIENDS_TITLE,Amigos,Friends,Amigos,Freunde,Amis,Amici
FRIENDS_REFRESH,Actualizar,Refresh,Atualizar,Aktualisieren,Actualiser,Aggiorna
FRIENDS_EMPTY,No hay amigos en línea,No friends online,Nenhum amigo online,Keine Freunde online,Aucun ami en ligne,Nessun amico online
FRIENDS_STEAM_INVITE,Invitar por Steam,Invite via Steam,Convidar pela Steam,Über Steam einladen,Inviter via Steam,Invita tramite Steam
FRIEND_STATUS_PLAYING,Jugando,In game,Jogando,Im Spiel,En jeu,In gioco
FRIEND_STATUS_ONLINE,En línea,Online,Online,Online,En ligne,Online
FRIEND_STATUS_OFFLINE,Desconectado,Offline,Offline,Offline,Hors ligne,Offline
FRIEND_INVITE,Invitar,Invite,Convidar,Einladen,Inviter,Invita
FRIEND_INVITED,Invitado,Invited,Convidado,Eingeladen,Invité,Invitato
FIND_TAB_PUBLIC,Públicas,Public,Públicas,Öffentlich,Publiques,Pubbliche
FIND_TAB_FRIENDS,Amigos,Friends,Amigos,Freunde,Amis,Amici
FIND_FRIENDS_EMPTY,Ningún amigo tiene partida,No friends hosting,Nenhum amigo com partida,Keine Freunde hosten,Aucun ami n'héberge,Nessun amico ospita
CREATE_FRIENDS_ONLY,Solo amigos,Friends only,Só amigos,Nur Freunde,Amis seulement,Solo amici
INVITE_POPUP_MSG,{0} te invitó a jugar,{0} invited you to play,{0} convidou você para jogar,{0} hat dich zum Spielen eingeladen,{0} t'a invité à jouer,{0} ti ha invitato a giocare
INVITE_ACCEPT,Aceptar,Accept,Aceitar,Annehmen,Accepter,Accetta
INVITE_REJECT,Rechazar,Decline,Recusar,Ablehnen,Refuser,Rifiuta
WORDPACK_TITLE,Temáticas,Themes,Temáticas,Themen,Thèmes,Tematiche
WORDPACK_USE,Usar,Use,Usar,Verwenden,Utiliser,Usa
WORDPACK_INUSE,En uso,In use,Em uso,In Verwendung,Utilisé,In uso
WORDPACK_PUBLISH,Publicar CSV,Publish CSV,Publicar CSV,CSV veröffentlichen,Publier CSV,Pubblica CSV
WORDPACK_REFRESH,Actualizar,Refresh,Atualizar,Aktualisieren,Actualiser,Aggiorna
WORDPACK_DEFAULT,Temática por defecto,Default theme,Temática padrão,Standard-Thema,Thème par défaut,Tematica predefinita
WORDPACK_EMPTY,No hay temáticas (suscribite a alguna en el Workshop),No themes (subscribe to some on the Workshop),Nenhuma temática (inscreva-se em alguma no Workshop),Keine Themen (im Workshop abonnieren),Aucun thème (abonnez-vous sur le Workshop),Nessuna tematica (iscriviti nel Workshop)
WORDPACK_BY,por {0},by {0},por {0},von {0},par {0},di {0}
WORDPACK_SELECTED,En uso: {0},In use: {0},Em uso: {0},In Verwendung: {0},Utilisé : {0},In uso: {0}
WORDPACK_PUB_OK,¡Temática publicada al Workshop!,Theme published to Workshop!,Temática publicada no Workshop!,Thema im Workshop veröffentlicht!,Thème publié sur le Workshop !,Tematica pubblicata nel Workshop!
WORDPACK_PUB_FAIL,No se pudo publicar: {0},Could not publish: {0},Não foi possível publicar: {0},Veröffentlichung fehlgeschlagen: {0},Échec de la publication : {0},Impossibile pubblicare: {0}
WORDPACK_UPLOADING,Subiendo archivo,Uploading file,Enviando arquivo,Datei wird hochgeladen,Envoi du fichier,Caricamento file
WORDPACK_NO_CSV,Elegí una temática (CSV) primero,Choose a theme (CSV) first,Escolha uma temática (CSV) primeiro,Wähle zuerst ein Thema (CSV),Choisis d'abord un thème (CSV),Scegli prima una tematica (CSV)
WORDPACK_CHOOSE_CSV,Elegir temática (CSV),Choose theme (CSV),Escolher temática (CSV),Thema wählen (CSV),Choisir thème (CSV),Scegli tematica (CSV)
WORDPACK_CHOOSE_MAP,Elegir mapa (.pak),Choose map (.pak),Escolher mapa (.pak),Karte wählen (.pak),Choisir carte (.pak),Scegli mappa (.pak)
WORDPACK_LOAD_THUMB,Cargar miniatura,Load thumbnail,Carregar miniatura,Miniatur laden,Charger vignette,Carica miniatura
WORDPACK_APPLY,Aplicar,Apply,Aplicar,Anwenden,Appliquer,Applica
WORDPACK_MISSING,Faltan: {0},Missing: {0},Faltam: {0},Fehlt: {0},Manquant : {0},Mancano: {0}
WORDPACK_F_TITLE,título,title,título,Titel,titre,titolo
WORDPACK_F_THUMB,miniatura,thumbnail,miniatura,Miniatur,vignette,miniatura
WORDPACK_F_DESC,descripción,description,descrição,Beschreibung,description,descrizione
WORDPACK_F_CSV,temática (CSV),theme (CSV),temática (CSV),Thema (CSV),thème (CSV),tematica (CSV)
WORDPACK_F_MAP,mapa (.pak),map (.pak),mapa (.pak),Karte (.pak),carte (.pak),mappa (.pak)
WORKSHOP_TITLE,Workshop,Workshop,Workshop,Workshop,Workshop,Workshop
WORKSHOP_ADD,Añadir,Add,Adicionar,Hinzufügen,Ajouter,Aggiungi
WORKSHOP_ADDED,Añadido,Added,Adicionado,Hinzugefügt,Ajouté,Aggiunto
WORKSHOP_SEARCHING,Buscando...,Searching...,Procurando...,Suche...,Recherche...,Ricerca...
WORKSHOP_EMPTY,No se encontraron mods,No mods found,Nenhum mod encontrado,Keine Mods gefunden,Aucun mod trouvé,Nessun mod trovato
WORKSHOP_TAG_WORDBANK,Temática,Theme,Temática,Thema,Thème,Tematica
WORKSHOP_TAG_MAP,Mapa,Map,Mapa,Karte,Carte,Mappa
MAPS_SOON,Mapas — Próximamente,Maps — Coming soon,Mapas — Em breve,Karten — Demnächst,Cartes — Bientôt,Mappe — Prossimamente
LIBRARY_TITLE,Biblioteca,Library,Biblioteca,Bibliothek,Bibliothèque,Libreria
GS_WORD,Palabra: {0},Word: {0},Palavra: {0},Wort: {0},Mot : {0},Parola: {0}
GS_MAP,Mapa: {0},Map: {0},Mapa: {0},Karte: {0},Carte : {0},Mappa: {0}
GS_DEFAULT,Predeterminado,Default,Padrão,Standard,Défaut,Predefinito
INVITE_POPUP_MSG2,te invitó a jugar,invited you to play,convidou você para jogar,hat dich zum Spielen eingeladen,t'a invité à jouer,ti ha invitato a giocare
RES_AUTO,Automática (recomendada),Automatic (recommended),Automática (recomendada),Automatisch (empfohlen),Automatique (recommandée),Automatica (consigliata)
SV_PRIVATE,Sala privada: {0},Private room: {0},Sala privada: {0},Privater Raum: {0},Salon privé : {0},Stanza privata: {0}
SV_TURNTIME,Tiempo de turno: {0} s,Turn time: {0} s,Tempo do turno: {0} s,Zugzeit: {0} s,Temps du tour : {0} s,Tempo turno: {0} s
SV_ROUNDS,Rondas: {0},Rounds: {0},Rodadas: {0},Runden: {0},Manches : {0},Round: {0}
SV_REVEAL,Revelado: {0}%,Reveal: {0}%,Revelação: {0}%,Aufdeckung: {0}%,Révélation : {0}%,Rivelazione: {0}%
SV_LIBRARY,Temática: {0},Theme: {0},Temática: {0},Thema: {0},Thème : {0},Tematica: {0}
SV_MAP,Mapa: {0},Map: {0},Mapa: {0},Karte: {0},Carte : {0},Mappa: {0}
SV_MAP_OFFICIAL,Oficial,Official,Oficial,Offiziell,Officiel,Ufficiale
MAP_CUSTOM,Mapa personalizado,Custom map,Mapa personalizado,Eigene Karte,Carte personnalisée,Mappa personalizzata
MAP_DELETE_CONFIRM,¿Seguro que quieres eliminar el mapa «{0}»?,Delete map "{0}"? Are you sure?,Excluir o mapa "{0}"? Tem certeza?,Karte "{0}" wirklich löschen?,Supprimer la carte « {0} » ? Êtes-vous sûr ?,Eliminare la mappa "{0}"? Sei sicuro?
MAP_DELETED,Mapa borrado,Map deleted,Mapa excluído,Karte gelöscht,Carte supprimée,Mappa eliminata
SV_YES,Sí,Yes,Sim,Ja,Oui,Sì
SV_NO,No,No,Não,Nein,Non,No
HEAD_SWITCH_TO_BODY,Ir al cuerpo,To body,Ir ao corpo,Zum Körper,Au corps,Al corpo
HEAD_SWITCH_TO_HEAD,Ir a la cabeza,To head,Ir à cabeça,Zum Kopf,À la tête,Alla testa
MENU_HOST_GAME,Crear partida,Host Game,Criar partida,Spiel erstellen,Créer une partie,Crea partita
MENU_FIND_GAME,Buscar partidas,Find Game,Procurar partidas,Spiele suchen,Rechercher une partie,Cerca partite
SETTINGS_EFFECTS,Efectos,Effects,Efeitos,Effekte,Effets,Effetti
SETTINGS_MUSIC,Música,Music,Música,Musik,Musique,Musica
SETTINGS_GRAPHICS_LABEL,Gráficos,Graphics,Gráficos,Grafik,Graphismes,Grafica
SETTINGS_RESOLUTIONS,Resolución,Resolutions,Resolução,Auflösung,Résolution,Risoluzione
LOBBY_TURNTIME_LABEL,Tiempo por turno,TurnTime,Tempo por turno,Zugzeit,Temps par tour,Tempo per turno
LOBBY_REVEAL_WORD,Revelar palabra,Reveal Word,Revelar palavra,Wort aufdecken,Révéler le mot,Rivela parola
LOBBY_LIBRARY_MODS,Mods de biblioteca,Librery Mods,Mods da biblioteca,Bibliotheks-Mods,Mods de bibliothèque,Mod libreria
GUIDE_BUTTON,Guía,Guide,Guia,Anleitung,Guide,Guida
WORDPACK_TITLE_HINT,Título de la temática,Theme title,Título da temática,Thema-Titel,Titre du thème,Titolo della tematica
FIND_SESSION_TITLE,Buscar partida,Find Session,Procurar partida,Spiel suchen,Rechercher une partie,Cerca partita
TAB_WORD_BANKS,Temáticas,Themes,Temáticas,Themen,Thèmes,Tematiche
TAB_MAPS,Mapas,Maps,Mapas,Karten,Cartes,Mappe
WORDPACK_OFFICIAL_VERBOS,Verbos,Verbs,Verbos,Verben,Verbes,Verbi
WORDPACK_OFFICIAL_VARIADO,Variado,Varied,Variado,Gemischt,Varié,Vario
WORDPACK_OFFICIAL_PELICULAS,Películas,Movies,Filmes,Filme,Films,Film
WORDPACK_DESC_VERBOS,"200 verbos para actuar y esculpir.","200 verbs to act out and sculpt.","200 verbos para atuar e esculpir.","200 Verben zum Nachspielen und Formen.","200 verbes à mimer et sculpter.","200 verbi da mimare e scolpire."
WORDPACK_DESC_VARIADO,"200 palabras variadas: objetos, animales, comidas y acciones.","200 varied words: objects, animals, food and actions.","200 palavras variadas: objetos, animais, comidas e ações.","200 gemischte Wörter: Gegenstände, Tiere, Essen und Aktionen.","200 mots variés : objets, animaux, nourriture et actions.","200 parole varie: oggetti, animali, cibi e azioni."
WORDPACK_DESC_PELICULAS,"200 títulos de películas famosas para adivinar.","200 famous movie titles to guess.","200 títulos de filmes famosos para adivinhar.","200 berühmte Filmtitel zum Erraten.","200 titres de films célèbres à deviner.","200 titoli di film famosi da indovinare."
WORDPACK_DESC_DEFAULT,Las temáticas oficiales del juego.,The game's official themes.,As temáticas oficiais do jogo.,Die offiziellen Themen des Spiels.,Les thèmes officiels du jeu.,Le tematiche ufficiali del gioco.
UI_ENTER_TO_CHAT,Enter para chatear,Enter to Chat,Enter para conversar,Enter zum Chatten,Entrée pour discuter,Invio per chattare
UI_RETURN_TO_GAME,Volver al juego,Return to Game,Voltar ao jogo,Zurück zum Spiel,Retour au jeu,Torna al gioco
UI_LEAVE_GAME,Salir de la partida,Leave Game,Sair do jogo,Spiel verlassen,Quitter la partie,Esci dalla partita
UI_EXIT_GAME,Cerrar juego,Exit Game,Fechar o jogo,Spiel beenden,Quitter le jeu,Esci dal gioco
UI_LEAVE_LOBBY,Salir al menú,Back to Menu,Voltar ao menu,Zum Menü,Retour au menu,Torna al menu
UI_SAVE_MAP_BTN,Guardar mapa,Save Map,Salvar mapa,Karte speichern,Enregistrer la carte,Salva mappa
UI_SAVE_YOUR_MAP,Guardá tu mapa,Save your Map,Salve seu mapa,Speichere deine Karte,Enregistre ta carte,Salva la tua mappa
UI_SAVE_AND_EXIT,Guardar y salir,Save and Exit,Salvar e sair,Speichern und beenden,Enregistrer et quitter,Salva ed esci
UI_CREATE_NEW_MAP,Crear mapa nuevo,Create New Map,Criar novo mapa,Neue Karte erstellen,Créer une carte,Crea nuova mappa
UI_EDIT_MAP,Editar mapa,Edit Map,Editar mapa,Karte bearbeiten,Modifier la carte,Modifica mappa
UI_LEVEL_CREATOR,Creador de niveles,Level Creator,Criador de níveis,Level-Editor,Créateur de niveaux,Creatore di livelli
UI_PUBLISH_BTN,Publicar,Publish,Publicar,Veröffentlichen,Publier,Pubblica
UI_TAB_BANKS,Temáticas,Themes,Temáticas,Themen,Thèmes,Tematiche
UI_TAB_WORDBANKS,Temáticas,Themes,Temáticas,Themen,Thèmes,Tematiche
UI_TAB_WORDBANKS2,Temáticas,Themes,Temáticas,Themen,Thèmes,Tematiche
UI_NAME,Nombre,Name,Nome,Name,Nom,Nome
WORKSHOP_LIBRARY,Biblioteca del Workshop,Workshop Library,Biblioteca do Workshop,Workshop-Bibliothek,Bibliothèque du Workshop,Libreria del Workshop
UI_HINT_TITLE,Título,Title,Título,Titel,Titre,Titolo
UI_HINT_DESC,Descripción,Description,Descrição,Beschreibung,Description,Descrizione
UI_COL_TITLE,Título,Tittle,Título,Titel,Titre,Titolo
UI_COL_IMAGE,Imagen,Image,Imagem,Bild,Image,Immagine
UI_COL_TYPE,Tipo,Type,Tipo,Typ,Type,Tipo
UI_COL_SUBSCRIPTION,Suscripción,Subscription,Inscrição,Abonnement,Abonnement,Iscrizione
WORKSHOP_SEARCH_BTN,Buscar,Search,Buscar,Suchen,Rechercher,Cerca
SKIN_WS_TITLE,Workshop de skins,Skin Workshop,Workshop de skins,Skin-Workshop,Workshop de skins,Workshop delle skin
SKIN_WS_BUTTON,Skins del Workshop,Workshop Skins,Skins da Workshop,Workshop-Skins,Skins du Workshop,Skin della Workshop
SKIN_WS_PUBLISH,Publicar skin,Publish skin,Publicar skin,Skin veröffentlichen,Publier la skin,Pubblica skin
SKIN_WS_DOWNLOADING,Descargando la skin... probá en unos segundos,Downloading the skin... try again in a few seconds,Baixando a skin... tente de novo em alguns segundos,Skin wird heruntergeladen... in ein paar Sekunden erneut versuchen,Téléchargement de la skin... réessaie dans quelques secondes,Scaricando la skin... riprova tra qualche secondo
SKIN_WS_IMPORT_FAIL,No se pudo importar (Locker lleno o skin inválida),Couldn't import (Locker full or invalid skin),Não foi possível importar (Locker cheio ou skin inválida),Import fehlgeschlagen (Locker voll oder ungültige Skin),Import impossible (casier plein ou skin invalide),Impossibile importare (Locker pieno o skin non valida)
SKIN_WS_EQUIPPED,¡Skin equipada! Quedó en tu Locker,Skin equipped! Saved to your Locker,Skin equipada! Salva no seu Locker,Skin ausgerüstet! In deinem Locker gespeichert,Skin équipée ! Enregistrée dans ton casier,Skin equipaggiata! Salvata nel tuo Locker
SKIN_WS_NEED_HEAD,Equipá una cabeza propia (esculpida) antes de publicar,Equip your own (sculpted) head before publishing,Equipe uma cabeça própria (esculpida) antes de publicar,Rüste einen eigenen (modellierten) Kopf aus bevor du veröffentlichst,Équipe une tête à toi (sculptée) avant de publier,Equipaggia una testa tua (scolpita) prima di pubblicare
SKIN_WS_UPLOADING,Subiendo skin al Workshop...,Uploading skin to the Workshop...,Enviando skin para a Workshop...,Skin wird in den Workshop hochgeladen...,Envoi de la skin sur le Workshop...,Caricamento della skin sulla Workshop...
SKIN_WS_PUBLISHED,¡Skin publicada! Puede tardar un rato en aparecer,Skin published! It may take a while to show up,Skin publicada! Pode demorar um pouco para aparecer,Skin veröffentlicht! Kann etwas dauern bis sie erscheint,Skin publiée ! Elle peut mettre un moment à apparaître,Skin pubblicata! Può metterci un po' a comparire
SKIN_WS_PUBLISH_FAIL,No se pudo publicar: {0},Couldn't publish: {0},Não foi possível publicar: {0},Veröffentlichen fehlgeschlagen: {0},Publication impossible : {0},Impossibile pubblicare: {0}
LOCKER_EMPTY_SLOT,Vaciar slot,Empty slot,Esvaziar slot,Slot leeren,Vider l'emplacement,Svuota slot
LOCKER_CLEAR_CONFIRM,¿Vaciar este slot y borrar la skin?,Empty this slot and delete the skin?,Esvaziar este slot e apagar a skin?,Diesen Slot leeren und die Skin löschen?,Vider cet emplacement et supprimer la skin ?,Svuotare questo slot ed eliminare la skin?
LOCKER_CLEAR_YES,Vaciar,Empty,Esvaziar,Leeren,Vider,Svuota
MENU_LOCAL_MODE,Modo local,Local mode,Modo local,Lokaler Modus,Mode local,Modalità locale
LP_JOIN_TITLE,¡Únete desde tu celular!,Join from your phone!,Entre pelo celular!,Mach mit deinem Handy mit!,Rejoins avec ton téléphone !,Unisciti dal tuo telefono!
LP_JOIN_STEP1,1. Conéctate al mismo WiFi que esta PC,1. Connect to the same WiFi as this PC,1. Conecte-se ao mesmo WiFi deste PC,1. Verbinde dich mit demselben WLAN wie dieser PC,1. Connecte-toi au même WiFi que ce PC,1. Connettiti allo stesso WiFi di questo PC
LP_JOIN_STEP2,2. Escanea el código o abre esta dirección:,2. Scan the code or open this address:,2. Escaneie o código ou abra este endereço:,2. Scanne den Code oder öffne diese Adresse:,2. Scanne le code ou ouvre cette adresse :,2. Scansiona il codice o apri questo indirizzo:
LP_PLAYERS,Jugadores ({0}),Players ({0}),Jogadores ({0}),Spieler ({0}),Joueurs ({0}),Giocatori ({0})
LP_NOBODY,Todavía no entró nadie,Nobody has joined yet,Ninguém entrou ainda,Noch ist niemand da,Personne n'a encore rejoint,Non è ancora entrato nessuno
LP_NEED_MORE,Faltan {0} jugadores para empezar,{0} more players needed to start,Faltam {0} jogadores para começar,Noch {0} Spieler zum Starten nötig,Il manque {0} joueurs pour commencer,Servono altri {0} giocatori per iniziare
LP_WAIT_VIP,{0} empieza la partida desde su celular,{0} starts the game from their phone,{0} começa a partida pelo celular,{0} startet das Spiel auf dem Handy,{0} lance la partie depuis son téléphone,{0} avvia la partita dal suo telefono
LP_PASS_PAD,¡Pásale el joystick a {0}!,Pass the controller to {0}!,Passe o controle para {0}!,Gib den Controller an {0}!,Passe la manette à {0} !,Passa il controller a {0}!
LP_CHOOSING,Está eligiendo la palabra en su celular,Picking a word on their phone,Escolhendo a palavra no celular,Wählt gerade ein Wort auf dem Handy,Choisit un mot sur son téléphone,Sta scegliendo la parola sul telefono
LP_SCULPTING,Esculpe: {0},Sculpting: {0},Esculpindo: {0},Formt: {0},Sculpte : {0},Scolpisce: {0}
LP_JOIN_SMALL,Únete: {0},Join: {0},Entre: {0},Mitmachen: {0},Rejoindre : {0},Unisciti: {0}
LP_NO_SERVER,No se pudo abrir el servidor local. Revisa que el firewall de Windows permita el juego en redes privadas.,Couldn't start the local server. Make sure Windows Firewall allows the game on private networks.,Não foi possível abrir o servidor local. Verifique se o firewall do Windows permite o jogo em redes privadas.,"Lokaler Server konnte nicht starten. Prüfe, ob die Windows-Firewall das Spiel in privaten Netzwerken erlaubt.",Impossible de démarrer le serveur local. Vérifie que le pare-feu Windows autorise le jeu sur les réseaux privés.,Impossibile avviare il server locale. Controlla che il firewall di Windows consenta il gioco sulle reti private.
LP_SHOW_IP,(mantén View o la tecla I para ver la dirección completa),(hold View or the I key to show the full address),(segure View ou a tecla I para ver o endereço completo),"(View oder die Taste I halten, um die volle Adresse zu sehen)",(maintiens View ou la touche I pour voir l'adresse complète),(tieni premuto View o il tasto I per vedere l'indirizzo completo)
GP_TITLE,Joystick,Controller,Controle,Controller,Manette,Controller
GP_LOOK_SENS,Sensibilidad de cámara,Camera sensitivity,Sensibilidade da câmera,Kameraempfindlichkeit,Sensibilité de la caméra,Sensibilità della telecamera
GP_MOVE_SENS,Velocidad al moverse,Movement speed,Velocidade de movimento,Bewegungsgeschwindigkeit,Vitesse de déplacement,Velocità di movimento
GP_DEADZONE,Zona muerta del stick,Stick dead zone,Zona morta do analógico,Stick-Totzone,Zone morte du stick,Zona morta dello stick
GP_INVERT_Y,Invertir eje Y,Invert Y axis,Inverter eixo Y,Y-Achse umkehren,Inverser l'axe Y,Inverti asse Y
GP_BUTTONS,Botones,Buttons,Botões,Tasten,Boutons,Pulsanti
GP_PRESS,Presiona un botón…,Press a button…,Pressione um botão…,Drücke eine Taste…,Appuie sur un bouton…,Premi un pulsante…
GP_RESET,Restaurar,Reset,Restaurar,Zurücksetzen,Réinitialiser,Ripristina
GP_BACK,Volver,Back,Voltar,Zurück,Retour,Indietro
GP_HINT,A elegir · B volver · ←/→ ajustar,A select · B back · ←/→ adjust,A escolher · B voltar · ←/→ ajustar,A wählen · B zurück · ←/→ anpassen,A choisir · B retour · ←/→ ajuster,A scegli · B indietro · ←/→ regola
GPA_SCULPT,Esculpir,Sculpt,Esculpir,Formen,Sculpter,Scolpire
GPA_SMALLER,Achicar pincel,Smaller brush,Diminuir pincel,Pinsel kleiner,Pinceau plus petit,Pennello più piccolo
GPA_BIGGER,Agrandar pincel,Bigger brush,Aumentar pincel,Pinsel größer,Pinceau plus grand,Pennello più grande
GPA_TOOL_ADD,Agregar,Add,Adicionar,Hinzufügen,Ajouter,Aggiungi
GPA_TOOL_ERASE,Borrar,Erase,Apagar,Löschen,Effacer,Cancella
GPA_TOOL_PAINT,Pintar,Paint,Pintar,Malen,Peindre,Dipingi
GPA_TOOL_EYES,Ojos,Eyes,Olhos,Augen,Yeux,Occhi
GPA_COLOR,Color,Color,Cor,Farbe,Couleur,Colore
GPA_SHAPE,Forma,Shape,Forma,Form,Forme,Forma
GPA_FLY_UP,Subir,Up,Subir,Hoch,Monter,Su
GPA_FLY_DOWN,Bajar,Down,Descer,Runter,Descendre,Giù
GPA_SURFACE,Pegar a la superficie,Stick to surface,Colar na superfície,An Oberfläche haften,Coller à la surface,Attacca alla superficie
GPA_AXIS,Plano vertical,Vertical plane,Plano vertical,Vertikale Ebene,Plan vertical,Piano verticale
GPA_ROTATE,Rotar forma,Rotate shape,Girar forma,Form drehen,Tourner la forme,Ruota forma
GPA_UNDO,Deshacer,Undo,Desfazer,Rückgängig,Annuler,Annulla
GPA_PAUSE,Pausa,Pause,Pausa,Pause,Pause,Pausa
GP_ON,Sí,On,Sim,An,Oui,Sì
GP_OFF,No,Off,Não,Aus,Non,No
MENU_ONLINE_MODE,Modo audiencia,Audience mode,Modo audiência,Publikumsmodus,Mode public,Modalità pubblico
LP_ONLINE_STEP1,"Desde cualquier celular o PC, entra a:","From any phone or PC, go to:","De qualquer celular ou PC, entre em:",Öffne auf einem Handy oder PC:,"Depuis un téléphone ou un PC, va sur :","Da qualsiasi telefono o PC, vai su:"
LP_ONLINE_CODE,Código de sala:,Room code:,Código da sala:,Raumcode:,Code de la salle :,Codice stanza:
LP_ONLINE_CONNECTING,Conectando al servidor online…,Connecting to the online server…,Conectando ao servidor online…,Verbinde mit dem Online-Server…,Connexion au serveur en ligne…,Connessione al server online…
LP_ONLINE_ERROR,No se pudo conectar al servidor online. Reintentando…,Couldn't reach the online server. Retrying…,Não foi possível conectar ao servidor online. Tentando de novo…,Online-Server nicht erreichbar. Neuer Versuch…,Impossible de joindre le serveur en ligne. Nouvel essai…,Impossibile raggiungere il server online. Nuovo tentativo…
LP_SETTINGS_TITLE,Configuración de la partida,Game settings,Configurações da partida,Spieleinstellungen,Paramètres de la partie,Impostazioni partita
LP_SET_TIME,Tiempo por turno,Time per turn,Tempo por turno,Zeit pro Zug,Temps par tour,Tempo per turno
LP_SET_ROUNDS,Rondas,Rounds,Rodadas,Runden,Manches,Round
LP_SET_WORDS_COUNT,Palabras a esculpir,Words to sculpt,Palavras para esculpir,Wörter zum Formen,Mots à sculpter,Parole da scolpire
LP_SET_REVEAL,Letras reveladas,Revealed letters,Letras reveladas,Aufgedeckte Buchstaben,Lettres révélées,Lettere rivelate
LP_SET_PACK,Temática,Theme,Temática,Thema,Thème,Tematica
LP_SET_CHANGE,Cambiar,Change,Trocar,Ändern,Changer,Cambia
LP_START,Empezar partida,Start game,Começar partida,Spiel starten,Lancer la partie,Inizia partita
LP_AUD_HOST_OK,✓ Streamer conectado,✓ Streamer connected,✓ Streamer conectado,✓ Streamer verbunden,✓ Streamer connecté,✓ Streamer connesso
LP_AUD_HOST_HINT,Streamer: conéctate desde el panel de la derecha (QR privado),Streamer: connect from the panel on the right (private QR),Streamer: conecte-se pelo painel à direita (QR privado),Streamer: verbinde dich über das Feld rechts (privater QR),Streamer : connecte-toi depuis le panneau de droite (QR privé),Streamer: collegati dal pannello a destra (QR privato)
LP_AUD_HOST_QR,QR PRIVADO del streamer: ¡no lo muestres en el stream!,Streamer's PRIVATE QR: don't show it on stream!,QR PRIVADO do streamer: não mostre na live!,PRIVATER QR des Streamers: nicht im Stream zeigen!,QR PRIVÉ du streamer : ne le montre pas en live !,QR PRIVATO dello streamer: non mostrarlo in live!
LP_AUD_HOST_MISSING,Falta que el streamer se conecte con su QR privado,Waiting for the streamer to join with their private QR,Falta o streamer entrar com o QR privado,Der Streamer muss sich noch mit seinem privaten QR verbinden,Le streamer doit encore se connecter avec son QR privé,Manca che lo streamer si colleghi con il suo QR privato
LP_AUD_READY,¡Listo! El streamer empieza desde su celular o la TV,Ready! The streamer starts from their phone or the TV,Pronto! O streamer começa pelo celular ou pela TV,Bereit! Der Streamer startet vom Handy oder vom TV,Prêt ! Le streamer lance depuis son téléphone ou la TV,Pronti! Lo streamer avvia dal telefono o dalla TV
LP_AUD_CHOOSING,El streamer está eligiendo la palabra…,The streamer is picking a word…,O streamer está escolhendo a palavra…,Der Streamer wählt ein Wort…,Le streamer choisit un mot…,Lo streamer sta scegliendo la parola…
LP_AUD_GET_READY,¡Prepárense para adivinar desde el celular!,Get ready to guess from your phone!,Preparem-se para adivinhar pelo celular!,Macht euch bereit zum Raten am Handy!,Préparez-vous à deviner sur votre téléphone !,Preparatevi a indovinare dal telefono!
LP_AND_MORE,y {0} más,and {0} more,e mais {0},und {0} weitere,et {0} de plus,e altri {0}
LP_AUD_SECTION,Conectar al streamer,Connect the streamer,Conectar o streamer,Streamer verbinden,Connecter le streamer,Collega lo streamer
LP_AUD_HOST_STEPS,"Tapa en OBS el recuadro rojo de abajo y después muestra tu QR privado, o abre el link en esta PC.","Cover the red box below in OBS, then show your private QR or open the link on this PC.","Cubra no OBS o quadro vermelho abaixo e depois mostre seu QR privado, ou abra o link neste PC.",Decke das rote Feld unten in OBS ab und zeige dann deinen privaten QR oder öffne den Link auf diesem PC.,Masque le cadre rouge ci-dessous dans OBS puis affiche ton QR privé ou ouvre le lien sur ce PC.,Copri in OBS il riquadro rosso qui sotto e poi mostra il tuo QR privato o apri il link su questo PC.
LP_AUD_ZONE,ZONA PRIVADA: tu QR de streamer aparece solo aquí,PRIVATE ZONE: your streamer QR only shows here,ZONA PRIVADA: seu QR de streamer aparece só aqui,PRIVATER BEREICH: dein Streamer-QR erscheint nur hier,ZONE PRIVÉE : ton QR de streamer apparaît seulement ici,ZONA PRIVATA: il tuo QR da streamer appare solo qui
LP_AUD_SHOW_QR,Mostrar mi QR privado,Show my private QR,Mostrar meu QR privado,Meinen privaten QR zeigen,Afficher mon QR privé,Mostra il mio QR privato
LP_AUD_HIDE_QR,Ocultar QR,Hide QR,Ocultar QR,QR ausblenden,Masquer le QR,Nascondi QR
LP_AUD_OPEN_PC,Abrir en esta PC,Open on this PC,Abrir neste PC,Auf diesem PC öffnen,Ouvrir sur ce PC,Apri su questo PC
LP_AUD_COPY,Copiar link,Copy link,Copiar link,Link kopieren,Copier le lien,Copia link
LP_AUD_COPIED,¡Copiado!,Copied!,Copiado!,Kopiert!,Copié !,Copiato!
LP_CHAT_SECTION,Chat del stream (opcional),Stream chat (optional),Chat da live (opcional),Stream-Chat (optional),Chat du stream (facultatif),Chat della live (facoltativo)
LP_CHAT_HINT,Escribe tu canal: tu chat entra con !unirse y adivina escribiendo.,Type your channel: your chat joins with !join and guesses by typing.,Digite seu canal: seu chat entra com !entrar e adivinha digitando.,Gib deinen Kanal ein: dein Chat macht mit !beitreten mit und rät per Chat.,Entre ta chaîne : ton chat rejoint avec !rejoindre et devine en écrivant.,Scrivi il tuo canale: la chat entra con !unisciti e indovina scrivendo.
LP_CHAT_CHANNEL_HINT,tu canal,your channel,seu canal,dein Kanal,ta chaîne,il tuo canale
LP_CHAT_ST_OFF,Sin conectar,Not connected,Não conectado,Nicht verbunden,Non connecté,Non collegato
LP_CHAT_ST_CONNECTING,Conectando…,Connecting…,Conectando…,Verbinde…,Connexion…,Connessione…
LP_CHAT_ST_OK,Leyendo el chat ✓,Reading chat ✓,Lendo o chat ✓,Chat wird gelesen ✓,Lecture du chat ✓,Lettura della chat ✓
LP_CHAT_ST_RETRY,"Sin conexión, reintentando…","No connection, retrying…","Sem conexão, tentando de novo…","Keine Verbindung, neuer Versuch…","Pas de connexion, nouvel essai…","Nessuna connessione, riprovo…"
LP_CHAT_ST_NOTFOUND,No existe ese canal,That channel doesn't exist,Esse canal não existe,Diesen Kanal gibt es nicht,Cette chaîne n'existe pas,Questo canale non esiste
LP_CHAT_PLAYERS,{0} jugando desde el chat,{0} playing from chat,{0} jogando pelo chat,{0} spielen über den Chat,{0} jouent depuis le chat,{0} giocano dalla chat
LP_CHAT_JOIN_TV,o escribe !unirse en el chat,or type !join in chat,ou digite !entrar no chat,oder schreib !beitreten in den Chat,ou écris !rejoindre dans le chat,o scrivi !unisciti in chat
LP_CHAT_CMD,!unirse,!join,!entrar,!beitreten,!rejoindre,!unisciti
LP_AUD_LAST_WORD,¡Última palabra: puntos dobles!,Last word: double points!,Última palavra: pontos em dobro!,Letztes Wort: doppelte Punkte!,Dernier mot : points doublés !,Ultima parola: punti doppi!
CHAT_LAST_WORD_BONUS,¡Última palabra! Vale x{1} puntos,Last word! Worth x{1} points,Última palavra! Vale x{1} pontos,Letztes Wort! Zählt x{1} Punkte,Dernier mot ! Vaut x{1} points,Ultima parola! Vale x{1} punti
LP_AUD_LINKS_TITLE,Links de la partida,Game links,Links da partida,Spiel-Links,Liens de la partie,Link della partita
LP_AUD_CHAT_HINT,Para tu audiencia (este sí puedes compartirlo):,For your audience (this one is safe to share):,Para sua audiência (este pode compartilhar):,Für dein Publikum (den darfst du teilen):,"Pour ton public (celui-ci, tu peux le partager) :",Per il tuo pubblico (questo puoi condividerlo):
LP_AUD_COPY_CHAT,Copiar link para el chat,Copy link for chat,Copiar link para o chat,Link für den Chat kopieren,Copier le lien pour le chat,Copia link per la chat
LP_AUD_PRIVATE_WARN,Este link es SOLO para ti (streamer). NO lo pegues en el chat: con él cualquiera entra como streamer.,This link is ONLY for you (the streamer). DO NOT paste it in chat: anyone who has it joins as the streamer.,Este link é SÓ para você (streamer). NÃO cole no chat: com ele qualquer um entra como streamer.,"Dieser Link ist NUR für dich (Streamer). NICHT in den Chat posten: Wer ihn hat, kommt als Streamer rein.","Ce lien est UNIQUEMENT pour toi (streamer). NE le colle PAS dans le chat : avec lui, n'importe qui entre comme streamer.",Questo link è SOLO per te (streamer). NON incollarlo in chat: con questo chiunque entra come streamer.
LP_AUD_COPY_PRIVATE,Copiar link del streamer (privado),Copy streamer link (private),Copiar link do streamer (privado),Streamer-Link kopieren (privat),Copier le lien du streamer (privé),Copia link dello streamer (privato)
CTRL_TITLE,Controles,Controls,Controles,Steuerung,Commandes,Controlli
CTRL_TAB_KB,Teclado y ratón,Keyboard & mouse,Teclado e mouse,Tastatur & Maus,Clavier & souris,Tastiera e mouse
CTRL_TAB_PAD,Joystick,Controller,Controle,Controller,Manette,Controller
CTRL_KB_HEADER,Teclas,Keys,Teclas,Tasten,Touches,Tasti
KEY_NOTE_HOLD,Mantener,Hold,Segurar,Halten,Maintenir,Tieni premuto
KEY_NOTE_HOLD3S,Mantener 3 s,Hold 3s,Segurar 3 s,3 s halten,Maintenir 3 s,Tieni 3 s
KEY_NOTE_ROTATE,Mantener · doble clic reinicia,Hold · double-click resets,Segurar · clique duplo reinicia,Halten · Doppelklick setzt zurück,Maintenir · double-clic réinitialise,Tieni · doppio clic azzera
CTRL_MOUSE_SENS,Sensibilidad de cámara,Camera sensitivity,Sensibilidade da câmera,Kameraempfindlichkeit,Sensibilité de la caméra,Sensibilità telecamera
MENU_TUTORIAL,Tutorial,Tutorial,Tutorial,Tutorial,Tutoriel,Tutorial
TUT_SKIP_HINT,Esc: pausa · saltar tutorial,Esc: pause · skip tutorial,Esc: pausa · pular tutorial,Esc: Pause · Tutorial überspringen,Échap : pause · passer le tutoriel,Esc: pausa · salta il tutorial
TUT_SKIP,Saltar tutorial,Skip tutorial,Pular tutorial,Tutorial überspringen,Passer le tutoriel,Salta il tutorial
TUT_DONE_BTN,¡Listo!,Done!,Pronto!,Fertig!,Terminé !,Fatto!
TUT_CONTINUE,Continuar,Continue,Continuar,Weiter,Continuer,Continua
TUT_PCT,{0}%,{0}%,{0}%,{0} %,{0} %,{0}%
TUT_WORD_PCT,{0} {1}%,{0} {1}%,{0} {1}%,{0} {1} %,{0} {1} %,{0} {1}%
TUT_SECONDS,{0} s,{0} s,{0} s,{0} s,{0} s,{0} s
TUT_DONE_MARK,¡Hecho!,Done!,Feito!,Geschafft!,Réussi !,Fatto!
TUT_W_IGLU,Iglú,Igloo,Iglu,Iglu,Igloo,Igloo
TUT_W_HONGO,Hongo,Mushroom,Cogumelo,Pilz,Champignon,Fungo
TUT_MY_DOG,Mi perro,My dog,Meu cachorro,Mein Hund,Mon chien,Il mio cane
TUT_PHOTO_STEAM,¡Foto guardada en tus capturas de Steam!,Photo saved to your Steam screenshots!,Foto salva nas suas capturas do Steam!,Foto in deinen Steam-Screenshots gespeichert!,Photo enregistrée dans tes captures Steam !,Foto salvata nei tuoi screenshot di Steam!
TUT_PHOTO_FILE,Foto guardada en: {0},Photo saved to: {0},Foto salva em: {0},Foto gespeichert unter: {0},Photo enregistrée dans : {0},Foto salvata in: {0}
TUT_PHOTO_FAIL,"No se pudo guardar la foto, ¡pero quedó genial!","Couldn't save the photo, but it looks great!","Não deu para salvar a foto, mas ficou ótima!","Das Foto konnte nicht gespeichert werden, aber es sieht super aus!","Impossible d'enregistrer la photo, mais elle est super !","Non è stato possibile salvare la foto, ma è venuta benissimo!"
TUT_MOUSE_L,Clic izq.,Left click,Clique esq.,Linksklick,Clic gauche,Clic sin.
TUT_MOUSE_R,Clic der.,Right click,Clique dir.,Rechtsklick,Clic droit,Clic des.
TUT_MOUSE_M,Rueda (clic),Wheel (click),Roda (clique),Mausrad (Klick),Molette (clic),Rotella (clic)
TUT_MOUSE_WHEEL,Rueda,Wheel,Roda,Mausrad,Molette,Rotella
TUT_MOUSE_MOVE,Mouse,Mouse,Mouse,Maus,Souris,Mouse
TUT_KEY_SPACE,Espacio,Space,Espaço,Leertaste,Espace,Spazio
TUT_KEY_BKSP,Retroceso,Backspace,Backspace,Rücktaste,Retour arrière,Backspace
TUT_KEY_WASD,W A S D,W A S D,W A S D,W A S D,Z Q S D,W A S D
TUT_KEY_ALT,Alt,Alt,Alt,Alt,Alt,Alt
TUT_KEY_ENTER,Enter,Enter,Enter,Enter,Entrée,Invio
TUT_STICK_R,Stick der.,Right stick,Analógico dir.,Rechter Stick,Stick droit,Levetta des.
TUT_STICK_L,Stick izq.,Left stick,Analógico esq.,Linker Stick,Stick gauche,Levetta sin.
TUT_PAD_LBRB,LB / RB,LB / RB,LB / RB,LB / RB,LB / RB,LB / RB
TUT_PAD_PAUSE,Pausa,Pause,Pausa,Pause,Pause,Pausa
TUT_K_SCULPT,Esculpir (mantener),Sculpt (hold),Esculpir (segurar),Formen (halten),Sculpter (maintenir),Scolpire (tieni premuto)
TUT_K_SHAPES,Formas (mantener),Shapes (hold),Formas (segurar),Formen wählen (halten),Formes (maintenir),Forme (tieni premuto)
TUT_K_VERT,Plano vertical (mantener),Vertical plane (hold),Plano vertical (segurar),Vertikale Ebene (halten),Plan vertical (maintenir),Piano verticale (tieni premuto)
TUT_K_HORIZ,Plano horizontal (mantener),Horizontal plane (hold),Plano horizontal (segurar),Horizontale Ebene (halten),Plan horizontal (maintenir),Piano orizzontale (tieni premuto)
TUT_K_ROTATE,Rotar (mantener y mover),Rotate (hold and move),Girar (segurar e mover),Drehen (halten und bewegen),Tourner (maintenir et bouger),Ruota (tieni premuto e muovi)
TUT_K_ALT,Pegar a la superficie (mantener),Stick to surface (hold),Grudar na superfície (segurar),An Oberfläche haften (halten),Coller à la surface (maintenir),Attacca alla superficie (tieni premuto)
TUT_K_UNDO,Deshacer (tocar),Undo (tap),Desfazer (toque),Rückgängig (tippen),Annuler (appui court),Annulla (tocco)
TUT_K_CLEAR,Borrar todo (mantener 3 s),Clear all (hold 3 s),Apagar tudo (segurar 3 s),Alles löschen (3 s halten),Tout effacer (maintenir 3 s),Cancella tutto (tieni premuto 3 s)
TUT_K_COLOR,Elegir color (mantener),Pick color (hold),Escolher cor (segurar),Farbe wählen (halten),Choisir la couleur (maintenir),Scegli colore (tieni premuto)
TUT_INTRO_1,¡Hola! Soy Sculpi y te voy a enseñar a esculpir. ¡Es más fácil de lo que parece!,Hi! I'm Sculpi and I'm going to teach you how to sculpt. It's easier than it looks!,Oi! Eu sou o Sculpi e vou te ensinar a esculpir. É mais fácil do que parece!,"Hallo! Ich bin Sculpi und zeige dir, wie man formt. Es ist leichter, als es aussieht!",Salut ! Je suis Sculpi et je vais t’apprendre à sculpter. C’est plus facile qu’il n’y paraît !,Ciao! Sono Sculpi e ti insegnerò a scolpire. È più facile di quanto sembri!
TUT_INTRO_2,En una partida esculpes una palabra y los demás tienen que adivinarla. ¡Vamos a practicar!,In a match you sculpt a word and everyone else has to guess it. Let’s practice!,Numa partida você esculpe uma palavra e os outros têm que adivinhar. Vamos praticar!,In einer Runde formst du ein Wort und die anderen müssen es erraten. Lass uns üben!,"Dans une partie, tu sculptes un mot et les autres doivent le deviner. Entraînons-nous !",In una partita scolpisci una parola e gli altri devono indovinarla. Facciamo pratica!
TUT_LOOK,"Primero, mira a tu alrededor: gira la cámara.","First, look around: turn the camera.","Primeiro, olhe ao redor: gire a câmera.",Schau dich zuerst um: dreh die Kamera.,"D’abord, regarde autour de toi : tourne la caméra.","Prima di tutto, guardati intorno: ruota la telecamera."
TUT_MOVE,Ahora muévete hasta el aro amarillo.,Now move to the yellow ring.,Agora vá até o anel amarelo.,Jetzt lauf zum gelben Ring.,"Maintenant, va jusqu’à l’anneau jaune.",Ora spostati fino all’anello giallo.
TUT_FLY_UP,¡Aquí se vuela! Sube hasta el aro de arriba.,You can fly here! Go up to the ring above.,Aqui dá para voar! Suba até o anel de cima.,Hier kann man fliegen! Flieg hoch zum oberen Ring.,"Ici, on vole ! Monte jusqu’à l’anneau du haut.",Qui si vola! Sali fino all’anello in alto.
TUT_FLY_DOWN,Perfecto. Ahora baja hasta el aro de abajo.,Perfect. Now go down to the ring below.,Perfeito. Agora desça até o anel de baixo.,Perfekt. Jetzt flieg runter zum unteren Ring.,"Parfait. Maintenant, descends jusqu’à l’anneau du bas.",Perfetto. Ora scendi fino all’anello in basso.
TUT_ADD,Elige Agregar y mantén el clic para poner arcilla. ¡Rellena la bola fantasma!,Pick Add and hold click to place clay. Fill the ghost ball!,Escolha Adicionar e segure o clique para colocar argila. Preencha a bola fantasma!,"Wähle Hinzufügen und halte die Taste gedrückt, um Ton aufzutragen. Füll die Geisterkugel!",Choisis Ajouter et maintiens le clic pour poser de l’argile. Remplis la boule fantôme !,Scegli Aggiungi e tieni premuto per mettere argilla. Riempi la palla fantasma!
TUT_SIZE,Con la rueda cambias el tamaño del pincel. Agrándalo y después achícalo.,"The wheel changes the brush size. Make it bigger, then smaller.",Com a roda você muda o tamanho do pincel. Aumente e depois diminua.,Mit dem Mausrad änderst du die Pinselgröße. Mach ihn größer und dann kleiner.,"La molette change la taille du pinceau. Agrandis-le, puis rapetisse-le.",Con la rotella cambi la dimensione del pennello. Ingrandiscilo e poi rimpiccioliscilo.
TUT_SHAPES,Mantén Formas para abrir la rueda y elige el cubo. Rellena el cubo fantasma.,Hold Shapes to open the wheel and pick the cube. Fill the ghost cube.,Segure Formas para abrir a roda e escolha o cubo. Preencha o cubo fantasma.,"Halte Formen, um das Rad zu öffnen, und wähle den Würfel. Füll den Geisterwürfel.",Maintiens Formes pour ouvrir la roue et choisis le cube. Remplis le cube fantôme.,Tieni premuto Forme per aprire la ruota e scegli il cubo. Riempi il cubo fantasma.
TUT_ROTATE,"Las formas se pueden girar: elige el cilindro, mantén Rotar y mueve. Rellena el cilindro acostado.","Shapes can be rotated: pick the cylinder, hold Rotate and move. Fill the lying cylinder.","As formas podem girar: escolha o cilindro, segure Girar e mova. Preencha o cilindro deitado.","Formen lassen sich drehen: wähle den Zylinder, halte Drehen und bewege. Füll den liegenden Zylinder.","On peut tourner les formes : choisis le cylindre, maintiens Tourner et bouge. Remplis le cylindre couché.","Le forme si possono ruotare: scegli il cilindro, tieni premuto Ruota e muovi. Riempi il cilindro sdraiato."
TUT_ROTATE_TIP,¡Eso! Tip: doble clic en Rotar la deja derecha otra vez.,Nice! Tip: double-click Rotate to straighten it again.,Isso! Dica: clique duas vezes em Girar para endireitar de novo.,Super! Tipp: Doppelklick auf Drehen richtet sie wieder gerade aus.,Bravo ! Astuce : double-clic sur Tourner pour la remettre droite.,Ottimo! Consiglio: doppio clic su Ruota per raddrizzarla di nuovo.
TUT_SQUASH,Mantén el plano vertical y gira la rueda: la forma se estira o se aplasta. Con el plano horizontal se hace más ancha. ¡Haz una pastilla como la del fantasma!,Hold the vertical plane and turn the wheel: the shape stretches or squashes. With the horizontal plane it gets wider. Make a pill like the ghost!,Segure o plano vertical e gire a roda: a forma estica ou achata. Com o plano horizontal ela fica mais larga. Faça uma pastilha como a do fantasma!,Halte die vertikale Ebene und dreh das Mausrad: die Form wird gestreckt oder gestaucht. Mit der horizontalen Ebene wird sie breiter. Mach eine Pille wie der Geist!,"Maintiens le plan vertical et tourne la molette : la forme s’étire ou s’aplatit. Avec le plan horizontal, elle s’élargit. Fais une pastille comme le fantôme !",Tieni premuto il piano verticale e gira la rotella: la forma si allunga o si schiaccia. Con il piano orizzontale si allarga. Fai una pastiglia come quella fantasma!
TUT_LINES,"Con un plano mantenido tus trazos salen rectos: el vertical hacia arriba, el horizontal de costado. Rellena el poste y la viga.","While holding a plane your strokes come out straight: vertical goes up, horizontal goes sideways. Fill the post and the beam.","Segurando um plano, seus traços saem retos: o vertical para cima, o horizontal de lado. Preencha o poste e a viga.","Mit gehaltener Ebene werden deine Striche gerade: vertikal nach oben, horizontal zur Seite. Füll den Pfosten und den Balken.","Avec un plan maintenu, tes traits sont droits : le vertical vers le haut, l’horizontal sur le côté. Remplis le poteau et la poutre.","Tenendo premuto un piano i tratti vengono dritti: quello verticale verso l’alto, quello orizzontale di lato. Riempi il palo e la trave."
TUT_ALT,Mantén Alt ANTES de hacer clic: la forma se pega a la superficie y queda como un detalle encima. Pégale una bolita arriba al cubo.,Hold Alt BEFORE clicking: the shape sticks to the surface as a detail on top. Stick a little ball on top of the cube.,Segure Alt ANTES de clicar: a forma gruda na superfície como um detalhe por cima. Grude uma bolinha em cima do cubo.,"Halte Alt, BEVOR du klickst: die Form haftet als Detail an der Oberfläche. Kleb eine kleine Kugel oben auf den Würfel.",Maintiens Alt AVANT de cliquer : la forme se colle à la surface comme un détail. Colle une petite boule sur le cube.,Tieni premuto Alt PRIMA di cliccare: la forma si attacca alla superficie come un dettaglio. Attacca una pallina in cima al cubo.
TUT_ERASE,Elige Borrar y quita la parte marcada (la de arriba del cubo).,Pick Erase and remove the marked part (the top of the cube).,Escolha Apagar e tire a parte marcada (a de cima do cubo).,Wähle Löschen und entferne den markierten Teil (oben am Würfel).,Choisis Effacer et enlève la partie marquée (le haut du cube).,Scegli Cancella e togli la parte segnata (quella in cima al cubo).
TUT_UNDO,¿Te equivocaste? Toca deshacer para volver un paso atrás.,Made a mistake? Tap undo to go back one step.,Errou? Toque em desfazer para voltar um passo.,"Vertan? Tippe auf Rückgängig, um einen Schritt zurückzugehen.",Une erreur ? Appuie sur annuler pour revenir d’un pas.,Hai sbagliato? Tocca annulla per tornare indietro di un passo.
TUT_CLEAR,"Y si quieres empezar de cero, mantén ese mismo botón 3 segundos para borrar todo.","And if you want to start over, hold that same button for 3 seconds to clear everything.","E se quiser começar do zero, segure esse mesmo botão por 3 segundos para apagar tudo.","Und wenn du neu anfangen willst, halte dieselbe Taste 3 Sekunden, um alles zu löschen.","Et pour repartir de zéro, maintiens ce même bouton 3 secondes pour tout effacer.","E se vuoi ricominciare da capo, tieni premuto lo stesso tasto per 3 secondi per cancellare tutto."
TUT_PAINT,"Elige Pintar. Mantén Elegir color, toma uno y pinta la bola.","Pick Paint. Hold Pick color, choose one and paint the ball.","Escolha Pintar. Segure Escolher cor, pegue uma e pinte a bola.","Wähle Malen. Halte Farbe wählen, nimm eine und mal die Kugel an.","Choisis Peindre. Maintiens Choisir la couleur, prends-en une et peins la boule.","Scegli Dipingi. Tieni premuto Scegli colore, prendine uno e dipingi la palla."
TUT_EYES,Los ojos le dan vida a todo. Elige Ojos y ponle dos a la bola.,Eyes bring everything to life. Pick Eyes and give the ball two.,Os olhos dão vida a tudo. Escolha Olhos e coloque dois na bola.,Augen erwecken alles zum Leben. Wähle Augen und gib der Kugel zwei.,Les yeux donnent vie à tout. Choisis Yeux et mets-en deux sur la boule.,Gli occhi danno vita a tutto. Scegli Occhi e mettine due alla palla.
TUT_WORDS_INTRO,¡Ya sabes todo! Ahora vamos con tres palabras de práctica.,You know everything now! Let’s do three practice words.,Agora você sabe tudo! Vamos com três palavras de treino.,Jetzt kannst du alles! Jetzt kommen drei Übungswörter.,Tu sais tout ! Passons à trois mots d’entraînement.,Ora sai tutto! Passiamo a tre parole di prova.
TUT_IGLU,Primera palabra: un IGLÚ. Rellena el fantasma: media esfera en el piso y un cilindro acostado de entrada.,First word: an IGLOO. Fill the ghost: half a sphere on the floor and a lying cylinder as the entrance.,Primeira palavra: um IGLU. Preencha o fantasma: meia esfera no chão e um cilindro deitado de entrada.,Erstes Wort: ein IGLU. Füll den Geist: eine halbe Kugel auf dem Boden und ein liegender Zylinder als Eingang.,Premier mot : un IGLOO. Remplis le fantôme : une demi-sphère au sol et un cylindre couché pour l’entrée.,Prima parola: un IGLOO. Riempi il fantasma: mezza sfera sul pavimento e un cilindro sdraiato come entrata.
TUT_IGLU_OK,¡Qué iglú! Hasta da frío verlo.,What an igloo! It’s cold just looking at it.,Que iglu! Dá até frio de olhar.,Was für ein Iglu! Da wird einem schon beim Hinsehen kalt.,"Quel igloo ! Rien que de le voir, j’ai froid.",Che igloo! Fa freddo solo a guardarlo.
TUT_HONGO,Segunda palabra: un HONGO. Te dejo solo el tallo; el sombrero lo haces tú.,Second word: a MUSHROOM. I’ll only give you the stem; the cap is up to you.,Segunda palavra: um COGUMELO. Deixo só o caule; o chapéu é com você.,Zweites Wort: ein PILZ. Ich gebe dir nur den Stiel; den Hut machst du.,"Deuxième mot : un CHAMPIGNON. Je te laisse juste le pied ; le chapeau, c’est toi qui le fais.",Seconda parola: un FUNGO. Ti lascio solo il gambo; il cappello lo fai tu.
TUT_HONGO_CAP,"¡Buen tallo! El sombrero es una esfera aplastada, más ancha que el tallo: plano vertical + rueda.","Nice stem! The cap is a squashed sphere, wider than the stem: vertical plane + wheel.","Belo caule! O chapéu é uma esfera achatada, mais larga que o caule: plano vertical + roda.","Schöner Stiel! Der Hut ist eine gestauchte Kugel, breiter als der Stiel: vertikale Ebene + Mausrad.","Joli pied ! Le chapeau est une sphère aplatie, plus large que le pied : plan vertical + molette.","Bel gambo! Il cappello è una sfera schiacciata, più larga del gambo: piano verticale + rotella."
TUT_HONGO_OK,"¡Un hongo de verdad! Si quieres, píntale el sombrero.",A real mushroom! Paint the cap if you like.,"Um cogumelo de verdade! Se quiser, pinte o chapéu.","Ein echter Pilz! Wenn du willst, mal den Hut an.","Un vrai champignon ! Si tu veux, peins le chapeau.","Un fungo vero! Se vuoi, dipingi il cappello."
TUT_PERRO,"Última: un PERRO, sin ayuda, como en una partida de verdad. ¡Empieza ya, tienes 90 segundos!","Last one: a DOG, no help, just like a real match. Start now, you have 90 seconds!","Última: um CACHORRO, sem ajuda, como numa partida de verdade. Comece já, você tem 90 segundos!","Das letzte: ein HUND, ohne Hilfe, wie in einer echten Runde. Fang jetzt an, du hast 90 Sekunden!","Dernier : un CHIEN, sans aide, comme dans une vraie partie. Commence tout de suite, tu as 90 secondes !","Ultima: un CANE, senza aiuto, come in una partita vera. Inizia subito, hai 90 secondi!"
TUT_PHOTO,¡Qué perrazo! Mueve la cámara alrededor con W A S D y pulsa Enter para sacar la foto.,What a dog! Move the camera around with W A S D and press Enter to take the photo.,Que cachorrão! Mova a câmera em volta com W A S D e aperte Enter para tirar a foto.,Was für ein Hund! Beweg die Kamera mit W A S D drumherum und drück Enter für das Foto.,Quel toutou ! Tourne autour avec Z Q S D et appuie sur Entrée pour prendre la photo.,Che cagnone! Muovi la telecamera intorno con W A S D e premi Invio per scattare la foto.
TUT_END,¡Ya estás listo para jugar! Nos vemos en las partidas.,You’re ready to play! See you in the matches.,Você está pronto para jogar! Até as partidas.,Du bist bereit zum Spielen! Wir sehen uns in den Runden.,Tu es prêt à jouer ! On se voit dans les parties.,Sei pronto a giocare! Ci vediamo nelle partite.
TUT_GOOD_1,¡Eso!,Nice!,Isso!,Super!,Bravo !,Ottimo!
TUT_GOOD_2,¡Muy bien!,Very good!,Muito bem!,Sehr gut!,Très bien !,Molto bene!
TUT_GOOD_3,¡Genial!,Awesome!,Demais!,Klasse!,Génial !,Fantastico!
TUT_GOOD_4,¡Lo hiciste perfecto!,You nailed it!,Você mandou bem!,Perfekt gemacht!,Tu as tout bon !,Perfetto!
TUT_AIM_IN,¡Justo ahí!,Right there!,Bem aí!,Genau da!,Pile là !,Proprio lì!
TUT_AIM_CLOSER,El pincel está delante de la guía: acércate un poco,The brush is in front of the guide: move a bit closer,O pincel está na frente do guia: chegue um pouco mais perto,Der Pinsel ist vor der Vorlage: geh etwas näher ran,Le pinceau est devant le guide : rapproche-toi un peu,Il pennello è davanti alla guida: avvicinati un po’
TUT_AIM_BACK,El pincel está detrás de la guía: aléjate un poco,The brush is behind the guide: move back a bit,O pincel está atrás do guia: afaste-se um pouco,Der Pinsel ist hinter der Vorlage: geh etwas zurück,Le pinceau est derrière le guide : recule un peu,Il pennello è dietro la guida: allontanati un po’
TUT_AIM_SIDE,Apunta a la guía,Aim at the guide,Mire no guia,Ziel auf die Vorlage,Vise le guide,Mira la guida
TUT_PAINT_SAVE_HINT,¡Qué bien pintada! Ahora elige otro color: mantén Elegir color y toma uno.,Nicely painted! Now pick another color: hold Pick color and choose one.,Que bela pintura! Agora escolha outra cor: segure Escolher cor e pegue uma.,Schön angemalt! Jetzt eine andere Farbe: halte Farbe wählen und nimm eine.,Joliment peinte ! Choisis maintenant une autre couleur : maintiens Choisir la couleur et prends-en une.,Dipinta benissimo! Ora scegli un altro colore: tieni premuto Scegli colore e prendine uno.
TUT_TIP_CHIP,Te falta: {0},You still need: {0},Falta: {0},Dir fehlt: {0},Il te manque : {0},Ti manca: {0}
TUT_TIP_RING,¡Ve hasta el aro que brilla!,Go to the glowing ring!,Vá até o anel brilhante!,Flieg zum leuchtenden Ring!,Va jusqu’à l’anneau qui brille !,Vai fino all’anello luminoso!
TUT_TIP_FILL,¡Vas bien! Rellena más ({0}%),Doing great! Fill more ({0}%),Indo bem! Preencha mais ({0}%),Gut so! Füll weiter ({0} %),Ça avance ! Remplis encore ({0} %),Vai bene! Riempi ancora ({0}%)
TUT_TIP_AIM,Apunta dentro de la guía,Aim inside the guide,Mire dentro do guia,Ziel in die Vorlage,Vise dans le guide,Mira dentro la guida
TUT_TIP_CLICK,Mantén clic para poner arcilla adentro,Hold click to put clay inside,Segure o clique para pôr argila dentro,Halte die Maustaste für Ton,Maintiens le clic pour mettre de l’argile,Tieni premuto per mettere argilla dentro
TUT_TIP_CAP,Falta el sombrero: esfera aplastada arriba del tallo,Now the cap: a squashed sphere on top of the stem,Falta o chapéu: esfera achatada em cima do caule,Jetzt der Hut: gestauchte Kugel auf den Stiel,Le chapeau : une sphère aplatie sur le pied,Ora il cappello: sfera schiacciata sul gambo
TUT_NAME_DOG,¡Quedó genial! Ponle nombre a tu perro y guarda la foto.,Looks great! Name your dog and save the photo.,Ficou ótima! Dê um nome ao seu cachorro e salve a foto.,Super geworden! Gib deinem Hund einen Namen und speichere das Foto.,Superbe ! Donne un nom à ton chien et enregistre la photo.,È venuta benissimo! Dai un nome al tuo cane e salva la foto.
TUT_NAME_HINT,Nombre de tu perro,Your dog’s name,Nome do seu cachorro,Name deines Hundes,Nom de ton chien,Nome del tuo cane
TUT_NAME_HINT_LONG,"Haz clic en ""Mi perro"" para cambiarle el nombre","Click ""My dog"" to rename it","Clique em ""Meu cachorro"" para mudar o nome","Klick auf ""Mein Hund"", um ihn umzubenennen",Clique sur « Mon chien » pour le renommer,"Clicca su ""Il mio cane"" per cambiargli nome"
TUT_SAVE_PHOTO,Guardar foto,Save photo,Salvar foto,Foto speichern,Enregistrer la photo,Salva foto
TUT_K_ORBIT,Mover la cámara alrededor,Move the camera around,Mover a câmera em volta,Kamera herumbewegen,Tourner autour,Muovi la telecamera intorno
TUT_K_SHOOT,Sacar la foto,Take the photo,Tirar a foto,Foto machen,Prendre la photo,Scatta la foto
TUT_KB_SPACE,Espacio,Space,Espaço,Leerzeichen,Espace,Spazio
TUT_K_FINISH,Sacar la foto,Take the photo,Tirar a foto,Foto machen,Prendre la photo,Scatta la foto
TUT_TIP_SCULPT_FIRST,¡Primero esculpe tu perro!,Sculpt your dog first!,Primeiro esculpa seu cachorro!,Forme zuerst deinen Hund!,Sculpte d’abord ton chien !,Prima scolpisci il tuo cane!
TUT_PERRO_TIME,¡Tiempo! Pulsa Enter para sacarle una foto a tu perro.,Time! Press Enter to take a photo of your dog.,Tempo! Aperte Enter para tirar uma foto do seu cachorro.,"Zeit! Drück Enter, um deinen Hund zu fotografieren.",Temps écoulé ! Appuie sur Entrée pour photographier ton chien.,Tempo! Premi Invio per fotografare il tuo cane.
