Name,Category,Difficulty,ES,EN,PT,DE,FR,IT
1,ANIMALES,1,ABEJA,BEE,ABELHA,BIENE,ABEILLE,APE
2,ANIMALES,1,AGUILA,EAGLE,AGUIA,ADLER,AIGLE,AQUILA
3,ANIMALES,2,ALCE,MOOSE,ALCE,ELCH,ORIGNAL,ALCE
4,ANIMALES,2,ALMEJA,CLAM,AMEIJOA,MUSCHEL,PALOURDE,VONGOLA
5,ANIMALES,3,ALPACA,ALPACA,ALPACA,ALPAKA,ALPAGA,ALPACA
6,ANIMALES,2,ANGUILA,EEL,ENGUIA,AAL,ANGUILLE,ANGUILLA
7,ANIMALES,1,ARANA,SPIDER,ARANHA,SPINNE,ARAIGNÉE,RAGNO
8,ANIMALES,2,ARDILLA,SQUIRREL,ESQUILO,EICHHÖRNCHEN,ÉCUREUIL,SCOIATTOLO
9,ANIMALES,3,ARMADILLO,ARMADILLO,TATU,GÜRTELTIER,TATOU,ARMADILLO
10,ANIMALES,2,ATUN,TUNA,ATUM,THUNFISCH,THON,TONNO
11,ANIMALES,1,AVESTRUZ,OSTRICH,AVESTRUZ,STRAUSS,AUTRUCHE,STRUZZO
12,ANIMALES,2,AVISPA,WASP,VESPA,WESPE,GUÊPE,VESPA
13,ANIMALES,3,BACALAO,COD,BACALHAU,KABELJAU,MORUE,MERLUZZO
14,ANIMALES,1,BALLENA,WHALE,BALEIA,WAL,BALEINE,BALENA
15,ANIMALES,1,BUHO,OWL,CORUJA,EULE,HIBOU,GUFO
16,ANIMALES,2,BUITRE,VULTURE,ABUTRE,GEIER,VAUTOUR,AVVOLTOIO
17,ANIMALES,1,CABALLITO DE MAR,SEAHORSE,CAVALO MARINHO,SEEPFERDCHEN,HIPPOCAMPE,CAVALLUCCIO MARINO
18,ANIMALES,1,CABALLO,HORSE,CAVALO,PFERD,CHEVAL,CAVALLO
19,ANIMALES,2,CABRA,GOAT,CABRA,ZIEGE,CHÈVRE,CAPRA
20,ANIMALES,2,CAIMAN,ALLIGATOR,JACARE,ALLIGATOR,ALLIGATOR,ALLIGATORE
21,ANIMALES,2,CALAMAR,SQUID,LULA,TINTENFISCH,CALMAR,CALAMARO
22,ANIMALES,1,CAMALEON,CHAMELEON,CAMALEAO,CHAMÄLEON,CAMÉLÉON,CAMALEONTE
23,ANIMALES,2,CAMARON,SHRIMP,CAMARAO,GARNELE,CREVETTE,GAMBERETTO
24,ANIMALES,2,CAMELLO,CAMEL,CAMELO,KAMEL,CHAMEAU,CAMMELLO
25,ANIMALES,2,CANARIO,CANARY,CANARIO,KANARIENVOGEL,CANARI,CANARINO
26,ANIMALES,1,CANGREJO,CRAB,CARANGUEJO,KRABBE,CRABE,GRANCHIO
27,ANIMALES,1,CANGURO,KANGAROO,CANGURU,KÄNGURU,KANGOUROU,CANGURO
28,ANIMALES,1,CARACOL,SNAIL,CARACOL,SCHNECKE,ESCARGOT,LUMACA
29,ANIMALES,2,CASTOR,BEAVER,CASTOR,BIBER,CASTOR,CASTORO
30,ANIMALES,2,CEBRA,ZEBRA,ZEBRA,ZEBRA,ZÈBRE,ZEBRA
31,ANIMALES,1,CERDO,PIG,PORCO,SCHWEIN,COCHON,MAIALE
32,ANIMALES,3,CHACAL,JACKAL,CHACAL,SCHAKAL,CHACAL,SCIACALLO
33,ANIMALES,3,CHIMPANCE,CHIMPANZEE,CHIMPANZE,SCHIMPANSE,CHIMPANZÉ,SCIMPANZÉ
34,ANIMALES,3,CHINCHE,BEDBUG,PERCEVEJO,BETTWANZE,PUNAISE,CIMICE
35,ANIMALES,2,CIEMPIES,CENTIPEDE,CENTOPEIA,TAUSENDFÜSSLER,MILLE-PATTES,MILLEPIEDI
36,ANIMALES,2,CIERVO,DEER,VEADO,HIRSCH,CERF,CERVO
37,ANIMALES,3,CIGARRA,CICADA,CIGARRA,ZIKADE,CIGALE,CICALA
38,ANIMALES,2,CIGUENA,STORK,CEGONHA,STORCH,CIGOGNE,CICOGNA
39,ANIMALES,1,CISNE,SWAN,CISNE,SCHWAN,CYGNE,CIGNO
40,ANIMALES,2,COBRA,COBRA,COBRA,KOBRA,COBRA,COBRA
41,ANIMALES,1,COCODRILO,CROCODILE,CROCODILO,KROKODIL,CROCODILE,COCCODRILLO
42,ANIMALES,3,CODORNIZ,QUAIL,CODORNA,WACHTEL,CAILLE,QUAGLIA
43,ANIMALES,2,COLIBRI,HUMMINGBIRD,BEIJA FLOR,KOLIBRI,COLIBRI,COLIBRÌ
44,ANIMALES,2,CONDOR,CONDOR,CONDOR,KONDOR,CONDOR,CONDOR
45,ANIMALES,1,CONEJO,RABBIT,COELHO,KANINCHEN,LAPIN,CONIGLIO
46,ANIMALES,2,CUCARACHA,COCKROACH,BARATA,KAKERLAKE,CAFARD,SCARAFAGGIO
47,ANIMALES,2,CUERVO,CROW,CORVO,KRÄHE,CORBEAU,CORVO
48,ANIMALES,1,DELFIN,DOLPHIN,GOLFINHO,DELFIN,DAUPHIN,DELFINO
49,ANIMALES,1,ELEFANTE,ELEPHANT,ELEFANTE,ELEFANT,ÉLÉPHANT,ELEFANTE
50,ANIMALES,3,EMU,EMU,EMU,EMU,ÉMEU,EMU
51,ANIMALES,2,ERIZO,HEDGEHOG,OURICO,IGEL,HÉRISSON,RICCIO
52,ANIMALES,2,ERIZO DE MAR,SEA URCHIN,OURICO DO MAR,SEEIGEL,OURSIN,RICCIO DI MARE
53,ANIMALES,2,ESCARABAJO,BEETLE,BESOURO,KÄFER,SCARABÉE,SCARABEO
54,ANIMALES,2,ESCORPION,SCORPION,ESCORPIAO,SKORPION,SCORPION,SCORPIONE
55,ANIMALES,1,ESTRELLA DE MAR,STARFISH,ESTRELA DO MAR,SEESTERN,ÉTOILE DE MER,STELLA MARINA
56,ANIMALES,3,FAISAN,PHEASANT,FAISAO,FASAN,FAISAN,FAGIANO
57,ANIMALES,1,FLAMENCO,FLAMINGO,FLAMINGO,FLAMINGO,FLAMANT,FENICOTTERO
58,ANIMALES,1,FOCA,SEAL,FOCA,ROBBE,PHOQUE,FOCA
59,ANIMALES,1,GALLINA,HEN,GALINHA,HENNE,POULE,GALLINA
60,ANIMALES,1,GALLO,ROOSTER,GALO,HAHN,COQ,GALLO
61,ANIMALES,2,GANSO,GOOSE,GANSO,GANS,OIE,OCA
62,ANIMALES,3,GARRAPATA,TICK,CARRAPATO,ZECKE,TIQUE,ZECCA
63,ANIMALES,1,GATO,CAT,GATO,KATZE,CHAT,GATTO
64,ANIMALES,3,GATO MONTES,WILDCAT,GATO DO MATO,WILDKATZE,CHAT SAUVAGE,GATTO SELVATICO
65,ANIMALES,3,GAVILAN,SPARROWHAWK,GAVIAO,SPERBER,ÉPERVIER,SPARVIERO
66,ANIMALES,1,GAVIOTA,SEAGULL,GAIVOTA,MÖWE,MOUETTE,GABBIANO
67,ANIMALES,2,GORILA,GORILLA,GORILA,GORILLA,GORILLE,GORILLA
68,ANIMALES,2,GORRION,SPARROW,PARDAL,SPATZ,MOINEAU,PASSERO
69,ANIMALES,2,GRILLO,CRICKET,GRILO,GRILLE,GRILLON,GRILLO
70,ANIMALES,2,GUACAMAYO,MACAW,ARARA,ARA,ARA,ARA
71,ANIMALES,2,GUEPARDO,CHEETAH,GUEPARDO,GEPARD,GUÉPARD,GHEPARDO
72,ANIMALES,2,HALCON,FALCON,FALCAO,FALKE,FAUCON,FALCO
73,ANIMALES,2,HIENA,HYENA,HIENA,HYÄNE,HYÈNE,IENA
74,ANIMALES,2,HIPOPOTAMO,HIPPO,HIPOPOTAMO,NILPFERD,HIPPOPOTAME,IPPOPOTAMO
75,ANIMALES,1,HORMIGA,ANT,FORMIGA,AMEISE,FOURMI,FORMICA
76,ANIMALES,2,IGUANA,IGUANA,IGUANA,LEGUAN,IGUANE,IGUANA
77,ANIMALES,2,JAGUAR,JAGUAR,ONCA,JAGUAR,JAGUAR,GIAGUARO
78,ANIMALES,1,JIRAFA,GIRAFFE,GIRAFA,GIRAFFE,GIRAFE,GIRAFFA
79,ANIMALES,2,KIWI,KIWI,KIWI,KIWI,KIWI,KIWI
80,ANIMALES,1,KOALA,KOALA,COALA,KOALA,KOALA,KOALA
81,ANIMALES,2,LAGARTO,LIZARD,LAGARTO,EIDECHSE,LÉZARD,LUCERTOLA
82,ANIMALES,2,LANGOSTA,LOBSTER,LAGOSTA,HUMMER,HOMARD,ARAGOSTA
83,ANIMALES,2,LECHUZA,BARN OWL,CORUJA DAS TORRES,SCHLEIEREULE,CHOUETTE,BARBAGIANNI
84,ANIMALES,1,LEON,LION,LEAO,LÖWE,LION,LEONE
85,ANIMALES,2,LEON MARINO,SEA LION,LEAO MARINHO,SEELÖWE,OTARIE,LEONE MARINO
86,ANIMALES,2,LEOPARDO,LEOPARD,LEOPARDO,LEOPARD,LÉOPARD,LEOPARDO
87,ANIMALES,2,LIBELULA,DRAGONFLY,LIBELULA,LIBELLE,LIBELLULE,LIBELLULA
88,ANIMALES,3,LINCE,LYNX,LINCE,LUCHS,LYNX,LINCE
89,ANIMALES,2,LLAMA,LLAMA,LHAMA,LAMA,LAMA,LAMA
90,ANIMALES,2,LOBO,WOLF,LOBO,WOLF,LOUP,LUPO
91,ANIMALES,2,LOBO MARINO,FUR SEAL,LOBO MARINHO,SEEBÄR,OTARIE À FOURRURE,OTARIA
92,ANIMALES,1,LORO,PARROT,PAPAGAIO,PAPAGEI,PERROQUET,PAPPAGALLO
93,ANIMALES,2,LUCIERNAGA,FIREFLY,VAGALUME,GLÜHWÜRMCHEN,LUCIOLE,LUCCIOLA
94,ANIMALES,3,MANATI,MANATEE,PEIXE BOI,SEEKUH,LAMANTIN,LAMANTINO
95,ANIMALES,2,MAPACHE,RACCOON,GUAXINIM,WASCHBÄR,RATON LAVEUR,PROCIONE
96,ANIMALES,1,MARIPOSA,BUTTERFLY,BORBOLETA,SCHMETTERLING,PAPILLON,FARFALLA
97,ANIMALES,2,MARIQUITA,LADYBUG,JOANINHA,MARIENKÄFER,COCCINELLE,COCCINELLA
98,ANIMALES,2,MEDUSA,JELLYFISH,AGUA VIVA,QUALLE,MÉDUSE,MEDUSA
99,ANIMALES,3,MEJILLON,MUSSEL,MEXILHAO,MIESMUSCHEL,MOULE,COZZA
100,ANIMALES,3,MILPIES,MILLIPEDE,EMBUA,TAUSENDFÜSSER,MILLE-PATTES,MILLEPIEDI
101,ANIMALES,3,MOFETA,SKUNK,GAMBA,STINKTIER,MOUFETTE,PUZZOLA
102,ANIMALES,1,MONO,MONKEY,MACACO,AFFE,SINGE,SCIMMIA
103,ANIMALES,2,MORSA,WALRUS,MORSA,WALROSS,MORSE,TRICHECO
104,ANIMALES,1,MOSCA,FLY,MOSCA,FLIEGE,MOUCHE,MOSCA
105,ANIMALES,2,MOSQUITO,MOSQUITO,MOSQUITO,MÜCKE,MOUSTIQUE,ZANZARA
106,ANIMALES,2,MURCIELAGO,BAT,MORCEGO,FLEDERMAUS,CHAUVE-SOURIS,PIPISTRELLO
107,ANIMALES,3,NARVAL,NARWHAL,NARVAL,NARWAL,NARVAL,NARVALO
108,ANIMALES,2,NUTRIA,OTTER,LONTRA,OTTER,LOUTRE,LONTRA
109,ANIMALES,2,ORCA,ORCA,ORCA,ORCA,ORQUE,ORCA
110,ANIMALES,1,OSO,BEAR,URSO,BÄR,OURS,ORSO
111,ANIMALES,3,OSO HORMIGUERO,ANTEATER,TAMANDUA,AMEISENBÄR,FOURMILIER,FORMICHIERE
112,ANIMALES,1,OSO POLAR,POLAR BEAR,URSO POLAR,EISBÄR,OURS POLAIRE,ORSO POLARE
113,ANIMALES,2,OSTRA,OYSTER,OSTRA,AUSTER,HUÎTRE,OSTRICA
114,ANIMALES,1,OVEJA,SHEEP,OVELHA,SCHAF,MOUTON,PECORA
115,ANIMALES,1,PALOMA,PIGEON,POMBA,TAUBE,PIGEON,COLOMBA
116,ANIMALES,1,PANDA,PANDA,PANDA,PANDA,PANDA,PANDA
117,ANIMALES,1,PATO,DUCK,PATO,ENTE,CANARD,ANATRA
118,ANIMALES,2,PAVO,TURKEY,PERU,TRUTHAHN,DINDE,TACCHINO
119,ANIMALES,1,PAVO REAL,PEACOCK,PAVAO,PFAU,PAON,PAVONE
120,ANIMALES,2,PELICANO,PELICAN,PELICANO,PELIKAN,PÉLICAN,PELLICANO
121,ANIMALES,2,PEREZOSO,SLOTH,PREGUICA,FAULTIER,PARESSEUX,BRADIPO
122,ANIMALES,2,PERICO,PARAKEET,PERIQUITO,SITTICH,PERRUCHE,PARROCCHETTO
123,ANIMALES,2,PERIQUITO,BUDGIE,PERIQUITO AUSTRALIANO,WELLENSITTICH,PERRUCHE,COCORITA
124,ANIMALES,1,PERRO,DOG,CACHORRO,HUND,CHIEN,CANE
125,ANIMALES,1,PERRO SALCHICHA,DACHSHUND,BASSET,DACKEL,TECKEL,BASSOTTO
126,ANIMALES,1,PEZ,FISH,PEIXE,FISCH,POISSON,PESCE
127,ANIMALES,2,PEZ ESPADA,SWORDFISH,PEIXE ESPADA,SCHWERTFISCH,ESPADON,PESCE SPADA
128,ANIMALES,1,PEZ GLOBO,PUFFERFISH,BAIACU,KUGELFISCH,POISSON-GLOBE,PESCE PALLA
129,ANIMALES,1,PEZ PAYASO,CLOWNFISH,PEIXE PALHACO,CLOWNFISCH,POISSON-CLOWN,PESCE PAGLIACCIO
130,ANIMALES,1,PINGUINO,PENGUIN,PINGUIM,PINGUIN,PINGOUIN,PINGUINO
131,ANIMALES,2,PIRANIA,PIRANHA,PIRANHA,PIRANHA,PIRANHA,PIRANHA
132,ANIMALES,2,POLILLA,MOTH,MARIPOSA,MOTTE,PAPILLON DE NUIT,FALENA
133,ANIMALES,2,PULGA,FLEA,PULGA,FLOH,PUCE,PULCE
134,ANIMALES,1,PULPO,OCTOPUS,POLVO,KRAKE,PIEUVRE,POLPO
135,ANIMALES,2,PUMA,COUGAR,PUMA,PUMA,COUGAR,PUMA
136,ANIMALES,1,RANA,FROG,SAPO,FROSCH,GRENOUILLE,RANA
137,ANIMALES,2,RATA,RAT,RATAZANA,RATTE,RAT,RATTO
138,ANIMALES,1,RATON,MOUSE,RATO,MAUS,SOURIS,TOPO
139,ANIMALES,2,RAYA,STINGRAY,RAIA,STACHELROCHEN,RAIE,RAZZA
140,ANIMALES,2,RENO,REINDEER,RENA,RENTIER,RENNE,RENNA
141,ANIMALES,2,RINOCERONTE,RHINO,RINOCERONTE,NASHORN,RHINOCÉROS,RINOCERONTE
142,ANIMALES,3,SALAMANDRA,SALAMANDER,SALAMANDRA,SALAMANDER,SALAMANDRE,SALAMANDRA
143,ANIMALES,2,SALMON,SALMON,SALMAO,LACHS,SAUMON,SALMONE
144,ANIMALES,2,SALTAMONTES,GRASSHOPPER,GAFANHOTO,HEUSCHRECKE,SAUTERELLE,CAVALLETTA
145,ANIMALES,1,SAPO,TOAD,SAPO CURURU,KRÖTE,CRAPAUD,ROSPO
146,ANIMALES,1,SERPIENTE,SNAKE,SERPENTE,SCHLANGE,SERPENT,SERPENTE
147,ANIMALES,1,TIBURON,SHARK,TUBARAO,HAI,REQUIN,SQUALO
148,ANIMALES,2,TIBURON MARTILLO,HAMMERHEAD SHARK,TUBARAO MARTELO,HAMMERHAI,REQUIN-MARTEAU,SQUALO MARTELLO
149,ANIMALES,2,TIGRE,TIGER,TIGRE,TIGER,TIGRE,TIGRE
150,ANIMALES,2,TOPO,MOLE,TOUPEIRA,MAULWURF,TAUPE,TALPA
151,ANIMALES,2,TORO,BULL,TOURO,STIER,TAUREAU,TORO
152,ANIMALES,1,TORTUGA,TURTLE,TARTARUGA,SCHILDKRÖTE,TORTUE,TARTARUGA
153,ANIMALES,2,TRUCHA,TROUT,TRUTA,FORELLE,TRUITE,TROTA
154,ANIMALES,1,TUCAN,TOUCAN,TUCANO,TUKAN,TOUCAN,TUCANO
155,ANIMALES,1,VACA,COW,VACA,KUH,VACHE,MUCCA
156,ANIMALES,2,VIBORA,VIPER,VIBORA,VIPER,VIPÈRE,VIPERA
157,ANIMALES,2,ZORRO,FOX,RAPOSA,FUCHS,RENARD,VOLPE
158,COMIDA,2,ACEITE,OIL,OLEO,ÖL,HUILE,OLIO
159,COMIDA,1,AJO,GARLIC,ALHO,KNOBLAUCH,AIL,AGLIO
160,COMIDA,1,ALMENDRA,ALMOND,AMENDOA,MANDEL,AMANDE,MANDORLA
161,COMIDA,2,ASADO,BARBECUE,CHURRASCO,GRILLFLEISCH,GRILLADE,GRIGLIATA
162,COMIDA,2,AZUCAR,SUGAR,ACUCAR,ZUCKER,SUCRE,ZUCCHERO
163,COMIDA,1,BANANA,BANANA,BANANA,BANANE,BANANE,BANANA
164,COMIDA,2,BERENJENA,EGGPLANT,BERINJELA,AUBERGINE,AUBERGINE,MELANZANA
165,COMIDA,1,BROCOLI,BROCCOLI,BROCOLIS,BROKKOLI,BROCOLI,BROCCOLI
166,COMIDA,1,BURRITO,BURRITO,BURRITO,BURRITO,BURRITO,BURRITO
167,COMIDA,1,CAFE,COFFEE,CAFE,KAFFEE,CAFÉ,CAFFÈ
168,COMIDA,1,CALABAZA,PUMPKIN,ABOBORA,KÜRBIS,CITROUILLE,ZUCCA
169,COMIDA,1,CARAMELO,CANDY,BALA,BONBON,BONBON,CARAMELLA
170,COMIDA,2,CASTANA,CHESTNUT,CASTANHA,KASTANIE,CHÂTAIGNE,CASTAGNA
171,COMIDA,1,CEBOLLA,ONION,CEBOLA,ZWIEBEL,OIGNON,CIPOLLA
172,COMIDA,1,CEREZA,CHERRY,CEREJA,KIRSCHE,CERISE,CILIEGIA
173,COMIDA,1,CERVEZA,BEER,CERVEJA,BIER,BIÈRE,BIRRA
174,COMIDA,2,CHOCLO,CORN COB,ESPIGA DE MILHO,MAISKOLBEN,ÉPI DE MAÏS,PANNOCCHIA
175,COMIDA,2,CHOCOLATE,CHOCOLATE,CHOCOLATE,SCHOKOLADE,CHOCOLAT,CIOCCOLATO
176,COMIDA,1,CHORIZO,SAUSAGE,LINGUICA,WURST,SAUCISSE,SALSICCIA
177,COMIDA,1,COCO,COCONUT,COCO,KOKOSNUSS,NOIX DE COCO,COCCO
178,COMIDA,2,CROISSANT,CROISSANT,CROISSANT,CROISSANT,CROISSANT,CROISSANT
179,COMIDA,1,DONA,DONUT,ROSQUINHA,DONUT,BEIGNET,CIAMBELLA
180,COMIDA,1,DURAZNO,PEACH,PESSEGO,PFIRSICH,PÊCHE,PESCA
181,COMIDA,1,EMPANADA,EMPANADA,PASTEL,TEIGTASCHE,CHAUSSON,FAGOTTINO
182,COMIDA,2,ENSALADA,SALAD,SALADA,SALAT,SALADE,INSALATA
183,COMIDA,2,FIDEOS,NOODLES,MACARRAO,NUDELN,NOUILLES,NOODLES
184,COMIDA,1,FRESA,STRAWBERRY,MORANGO,ERDBEERE,FRAISE,FRAGOLA
185,COMIDA,1,GALLETA,COOKIE,BISCOITO,KEKS,BISCUIT,BISCOTTO
186,COMIDA,2,GUACAMOLE,GUACAMOLE,GUACAMOLE,GUACAMOLE,GUACAMOLE,GUACAMOLE
187,COMIDA,1,HAMBURGUESA,BURGER,HAMBURGUER,HAMBURGER,HAMBURGER,HAMBURGER
188,COMIDA,1,HELADO,ICE CREAM,SORVETE,EIS,GLACE,GELATO
189,COMIDA,1,HUEVO,EGG,OVO,EI,ŒUF,UOVO
190,COMIDA,3,HUMMUS,HUMMUS,HOMUS,HUMMUS,HOUMOUS,HUMMUS
191,COMIDA,2,JAMON,HAM,PRESUNTO,SCHINKEN,JAMBON,PROSCIUTTO
192,COMIDA,2,JUGO,JUICE,SUCO,SAFT,JUS,SUCCO
193,COMIDA,1,KETCHUP,KETCHUP,KETCHUP,KETCHUP,KETCHUP,KETCHUP
194,COMIDA,2,LASANA,LASAGNA,LASANHA,LASAGNE,LASAGNE,LASAGNA
195,COMIDA,2,LECHE,MILK,LEITE,MILCH,LAIT,LATTE
196,COMIDA,1,LECHUGA,LETTUCE,ALFACE,KOPFSALAT,LAITUE,LATTUGA
197,COMIDA,1,LIMON,LEMON,LIMAO,ZITRONE,CITRON,LIMONE
198,COMIDA,1,MANGO,MANGO,MANGA,MANGO,MANGUE,MANGO
199,COMIDA,1,MANI,PEANUT,AMENDOIM,ERDNUSS,CACAHUÈTE,ARACHIDE
200,COMIDA,2,MANTEQUILLA,BUTTER,MANTEIGA,BUTTER,BEURRE,BURRO
201,COMIDA,1,MANZANA,APPLE,MACA,APFEL,POMME,MELA
202,COMIDA,1,MATE,MATE,CHIMARRAO,MATE,MATÉ,MATE
203,COMIDA,2,MAYONESA,MAYONNAISE,MAIONESE,MAYONNAISE,MAYONNAISE,MAIONESE
204,COMIDA,1,MELON,MELON,MELAO,MELONE,MELON,MELONE
205,COMIDA,2,MERMELADA,JAM,GELEIA,MARMELADE,CONFITURE,MARMELLATA
206,COMIDA,1,MIEL,HONEY,MEL,HONIG,MIEL,MIELE
207,COMIDA,2,MILANESA,SCHNITZEL,MILANESA,SCHNITZEL,ESCALOPE,COTOLETTA
208,COMIDA,2,MOSTAZA,MUSTARD,MOSTARDA,SENF,MOUTARDE,SENAPE
209,COMIDA,1,NACHOS,NACHOS,NACHOS,NACHOS,NACHOS,NACHOS
210,COMIDA,1,NARANJA,ORANGE,LARANJA,ORANGE,ORANGE,ARANCIA
211,COMIDA,1,NUEZ,WALNUT,NOZ,WALNUSS,NOIX,NOCE
212,COMIDA,2,PALOMITAS DE MAIZ,POPCORN,PIPOCA,POPCORN,POP-CORN,POPCORN
213,COMIDA,1,PALTA,AVOCADO,ABACATE,AVOCADO,AVOCAT,AVOCADO
214,COMIDA,1,PAN,BREAD,PAO,BROT,PAIN,PANE
215,COMIDA,1,PANQUEQUE,PANCAKE,PANQUECA,PFANNKUCHEN,CRÊPE,FRITTELLA
216,COMIDA,1,PAPA,POTATO,BATATA,KARTOFFEL,POMME DE TERRE,PATATA
217,COMIDA,1,PASTA,PASTA,MASSA,PASTA,PÂTES,PASTA
218,COMIDA,1,PASTEL,PIE,TORTA,KUCHEN,TARTE,TORTA SALATA
219,COMIDA,1,PEPINO,CUCUMBER,PEPINO,GURKE,CONCOMBRE,CETRIOLO
220,COMIDA,1,PERA,PEAR,PERA,BIRNE,POIRE,PERA
221,COMIDA,2,PIMIENTA,PEPPER,PIMENTA,PFEFFER,POIVRE,PEPE
222,COMIDA,2,PIMIENTO,BELL PEPPER,PIMENTAO,PAPRIKA,POIVRON,PEPERONE
223,COMIDA,2,PISTACHO,PISTACHIO,PISTACHE,PISTAZIE,PISTACHE,PISTACCHIO
224,COMIDA,1,PIZZA,PIZZA,PIZZA,PIZZA,PIZZA,PIZZA
225,COMIDA,2,PRETZEL,PRETZEL,PRETZEL,BREZEL,BRETZEL,PRETZEL
226,COMIDA,2,QUESADILLA,QUESADILLA,QUESADILHA,QUESADILLA,QUESADILLA,QUESADILLA
227,COMIDA,1,QUESO,CHEESE,QUEIJO,KÄSE,FROMAGE,FORMAGGIO
228,COMIDA,2,RAMEN,RAMEN,LAMEN,RAMEN,RAMEN,RAMEN
229,COMIDA,1,SAL,SALT,SAL,SALZ,SEL,SALE
230,COMIDA,1,SALCHICHA,HOT DOG,SALSICHA,HOTDOG,HOT-DOG,HOT DOG
231,COMIDA,1,SANDIA,WATERMELON,MELANCIA,WASSERMELONE,PASTÈQUE,ANGURIA
232,COMIDA,2,SANDWICH,SANDWICH,SANDUICHE,SANDWICH,SANDWICH,PANINO
233,COMIDA,2,SOPA,SOUP,SOPA,SUPPE,SOUPE,ZUPPA
234,COMIDA,1,SUSHI,SUSHI,SUSHI,SUSHI,SUSHI,SUSHI
235,COMIDA,1,TACO,TACO,TACO,TACO,TACO,TACO
236,COMIDA,2,TE,TEA,CHA,TEE,THÉ,TÈ
237,COMIDA,1,TOMATE,TOMATO,TOMATE,TOMATE,TOMATE,POMODORO
238,COMIDA,1,TORTA,CAKE,BOLO,TORTE,GÂTEAU,TORTA
239,COMIDA,1,UVA,GRAPE,UVA,TRAUBE,RAISIN,UVA
240,COMIDA,2,VINAGRE,VINEGAR,VINAGRE,ESSIG,VINAIGRE,ACETO
241,COMIDA,1,VINO,WINE,VINHO,WEIN,VIN,VINO
242,COMIDA,1,WAFFLE,WAFFLE,WAFFLE,WAFFEL,GAUFRE,WAFFLE
243,COMIDA,2,YOGUR,YOGURT,IOGURTE,JOGHURT,YAOURT,YOGURT
244,COMIDA,1,ZANAHORIA,CARROT,CENOURA,KAROTTE,CAROTTE,CAROTA
245,CRIATURAS_MITOLOGICAS,2,CENTAURO,CENTAUR,CENTAURO,ZENTAUR,CENTAURE,CENTAURO
246,CRIATURAS_MITOLOGICAS,2,CICLOPE,CYCLOPS,CICLOPE,ZYKLOP,CYCLOPE,CICLOPE
247,CRIATURAS_MITOLOGICAS,1,DRAGON,DRAGON,DRAGAO,DRACHE,DRAGON,DRAGO
248,CRIATURAS_MITOLOGICAS,1,DUENDE,IMP,DUENDE,KOBOLD,LUTIN,FOLLETTO
249,CRIATURAS_MITOLOGICAS,1,ELFO,ELF,ELFO,ELF,ELFE,ELFO
250,CRIATURAS_MITOLOGICAS,2,ESFINGE,SPHINX,ESFINGE,SPHINX,SPHINX,SFINGE
251,CRIATURAS_MITOLOGICAS,1,FANTASMA,GHOST,FANTASMA,GESPENST,FANTÔME,FANTASMA
252,CRIATURAS_MITOLOGICAS,2,FENIX,PHOENIX,FENIX,PHÖNIX,PHÉNIX,FENICE
253,CRIATURAS_MITOLOGICAS,2,GARGOLA,GARGOYLE,GARGULA,WASSERSPEIER,GARGOUILLE,GARGOLLA
254,CRIATURAS_MITOLOGICAS,2,GNOMO,GNOME,GNOMO,GNOM,GNOME,GNOMO
255,CRIATURAS_MITOLOGICAS,2,GOBLIN,GOBLIN,GOBLIN,GOBLIN,GOBELIN,GOBLIN
256,CRIATURAS_MITOLOGICAS,2,GRIFO,GRIFFIN,GRIFO,GREIF,GRIFFON,GRIFONE
257,CRIATURAS_MITOLOGICAS,1,HADA,FAIRY,FADA,FEE,FÉE,FATA
258,CRIATURAS_MITOLOGICAS,2,HIDRA,HYDRA,HIDRA,HYDRA,HYDRE,IDRA
259,CRIATURAS_MITOLOGICAS,2,HOMBRE LOBO,WEREWOLF,LOBISOMEM,WERWOLF,LOUP-GAROU,LICANTROPO
260,CRIATURAS_MITOLOGICAS,2,KRAKEN,KRAKEN,KRAKEN,KRAKEN,KRAKEN,KRAKEN
261,CRIATURAS_MITOLOGICAS,2,MINOTAURO,MINOTAUR,MINOTAURO,MINOTAURUS,MINOTAURE,MINOTAURO
262,CRIATURAS_MITOLOGICAS,1,MOMIA,MUMMY,MUMIA,MUMIE,MOMIE,MUMMIA
263,CRIATURAS_MITOLOGICAS,1,OGRO,OGRE,OGRO,OGER,OGRE,ORCO
264,CRIATURAS_MITOLOGICAS,2,PEGASO,PEGASUS,PEGASO,PEGASUS,PÉGASE,PEGASO
265,CRIATURAS_MITOLOGICAS,1,SIRENA,MERMAID,SEREIA,MEERJUNGFRAU,SIRÈNE,SIRENA
266,CRIATURAS_MITOLOGICAS,1,TROLL,TROLL,TROLL,TROLL,TROLL,TROLL
267,CRIATURAS_MITOLOGICAS,1,UNICORNIO,UNICORN,UNICORNIO,EINHORN,LICORNE,UNICORNO
268,CRIATURAS_MITOLOGICAS,1,VAMPIRO,VAMPIRE,VAMPIRO,VAMPIR,VAMPIRE,VAMPIRO
269,CRIATURAS_MITOLOGICAS,1,ZOMBI,ZOMBIE,ZUMBI,ZOMBIE,ZOMBIE,ZOMBIE
270,CUERPO_HUMANO,1,BOCA,MOUTH,BOCA,MUND,BOUCHE,BOCCA
271,CUERPO_HUMANO,1,BRAZO,ARM,BRACO,ARM,BRAS,BRACCIO
272,CUERPO_HUMANO,1,CABEZA,HEAD,CABECA,KOPF,TÊTE,TESTA
273,CUERPO_HUMANO,2,CADERA,HIP,QUADRIL,HÜFTE,HANCHE,ANCA
274,CUERPO_HUMANO,1,CALAVERA,SKULL,CAVEIRA,SCHÄDEL,CRÂNE,TESCHIO
275,CUERPO_HUMANO,2,CEJA,EYEBROW,SOBRANCELHA,AUGENBRAUE,SOURCIL,SOPRACCIGLIO
276,CUERPO_HUMANO,1,CEREBRO,BRAIN,CEREBRO,GEHIRN,CERVEAU,CERVELLO
277,CUERPO_HUMANO,2,CINTURA,WAIST,CINTURA,TAILLE,TAILLE,VITA
278,CUERPO_HUMANO,2,CODO,ELBOW,COTOVELO,ELLBOGEN,COUDE,GOMITO
279,CUERPO_HUMANO,2,COLUMNA VERTEBRAL,SPINE,COLUNA VERTEBRAL,WIRBELSÄULE,COLONNE VERTÉBRALE,COLONNA VERTEBRALE
280,CUERPO_HUMANO,1,CORAZON,HEART,CORACAO,HERZ,CŒUR,CUORE
281,CUERPO_HUMANO,2,COSTILLA,RIB,COSTELA,RIPPE,CÔTE,COSTOLA
282,CUERPO_HUMANO,1,CUELLO,NECK,PESCOCO,HALS,COU,COLLO
283,CUERPO_HUMANO,1,DEDO,FINGER,DEDO,FINGER,DOIGT,DITO
284,CUERPO_HUMANO,1,DIENTE,TOOTH,DENTE,ZAHN,DENT,DENTE
285,CUERPO_HUMANO,1,ESPALDA,BACK,COSTAS,RÜCKEN,DOS,SCHIENA
286,CUERPO_HUMANO,1,ESQUELETO,SKELETON,ESQUELETO,SKELETT,SQUELETTE,SCHELETRO
287,CUERPO_HUMANO,2,ESTOMAGO,STOMACH,ESTOMAGO,MAGEN,ESTOMAC,STOMACO
288,CUERPO_HUMANO,2,FRENTE,FOREHEAD,TESTA,STIRN,FRONT,FRONTE
289,CUERPO_HUMANO,2,HIGADO,LIVER,FIGADO,LEBER,FOIE,FEGATO
290,CUERPO_HUMANO,1,HOMBRO,SHOULDER,OMBRO,SCHULTER,ÉPAULE,SPALLA
291,CUERPO_HUMANO,1,LENGUA,TONGUE,LINGUA,ZUNGE,LANGUE,LINGUA
292,CUERPO_HUMANO,1,MANO,HAND,MAO,HAND,MAIN,MANO
293,CUERPO_HUMANO,2,MEJILLA,CHEEK,BOCHECHA,WANGE,JOUE,GUANCIA
294,CUERPO_HUMANO,2,MENTON,CHIN,QUEIXO,KINN,MENTON,MENTO
295,CUERPO_HUMANO,2,MUNECA,WRIST,PULSO,HANDGELENK,POIGNET,POLSO
296,CUERPO_HUMANO,2,MUSCULO,MUSCLE,MUSCULO,MUSKEL,MUSCLE,MUSCOLO
297,CUERPO_HUMANO,1,NARIZ,NOSE,NARIZ,NASE,NEZ,NASO
298,CUERPO_HUMANO,2,NUCA,NAPE,NUCA,NACKEN,NUQUE,NUCA
299,CUERPO_HUMANO,1,OJO,EYE,OLHO,AUGE,ŒIL,OCCHIO
300,CUERPO_HUMANO,1,OREJA,EAR,ORELHA,OHR,OREILLE,ORECCHIO
301,CUERPO_HUMANO,1,PECHO,CHEST,PEITO,BRUST,POITRINE,PETTO
302,CUERPO_HUMANO,2,PESTANA,EYELASH,CILIO,WIMPER,CIL,CIGLIO
303,CUERPO_HUMANO,1,PIE,FOOT,PE,FUSS,PIED,PIEDE
304,CUERPO_HUMANO,1,PIERNA,LEG,PERNA,BEIN,JAMBE,GAMBA
305,CUERPO_HUMANO,2,PULMON,LUNG,PULMAO,LUNGE,POUMON,POLMONE
306,CUERPO_HUMANO,2,RINON,KIDNEY,RIM,NIERE,REIN,RENE
307,CUERPO_HUMANO,1,RODILLA,KNEE,JOELHO,KNIE,GENOU,GINOCCHIO
308,CUERPO_HUMANO,2,TALON,HEEL,CALCANHAR,FERSE,TALON,TALLONE
309,CUERPO_HUMANO,2,TOBILLO,ANKLE,TORNOZELO,KNÖCHEL,CHEVILLE,CAVIGLIA
310,DEPORTES_JUGUETES,2,ARCO,BOW,ARCO,BOGEN,ARC,ARCO
311,DEPORTES_JUGUETES,1,ARO DE BASQUET,BASKETBALL HOOP,CESTA DE BASQUETE,BASKETBALLKORB,PANIER DE BASKET,CANESTRO
312,DEPORTES_JUGUETES,1,BALON,BALL,BOLA,BALL,BALLON,PALLONE
313,DEPORTES_JUGUETES,2,BASTON DE ESQUI,SKI POLE,BASTAO DE ESQUI,SKISTOCK,BÂTON DE SKI,BASTONCINO DA SCI
314,DEPORTES_JUGUETES,1,BATE,BAT,TACO DE BEISEBOL,BASEBALLSCHLÄGER,BATTE,MAZZA
315,DEPORTES_JUGUETES,1,BLOQUES DE CONSTRUCCION,BUILDING BLOCKS,BLOCOS DE MONTAR,BAUSTEINE,BLOCS DE CONSTRUCTION,COSTRUZIONI
316,DEPORTES_JUGUETES,1,CANASTA,BASKET,CESTA,KORB,PANIER,CESTO
317,DEPORTES_JUGUETES,2,CANICAS,MARBLES,BOLINHA DE GUDE,MURMELN,BILLES,BIGLIE
318,DEPORTES_JUGUETES,1,CARRITO DE JUGUETE,TOY CAR,CARRINHO DE BRINQUEDO,SPIELZEUGAUTO,VOITURE JOUET,MACCHININA
319,DEPORTES_JUGUETES,1,COMETA,KITE,PIPA,DRACHEN,CERF-VOLANT,AQUILONE
320,DEPORTES_JUGUETES,1,CUBO RUBIK,RUBIKS CUBE,CUBO MAGICO,ZAUBERWÜRFEL,RUBIK'S CUBE,CUBO DI RUBIK
321,DEPORTES_JUGUETES,1,CUERDA PARA SALTAR,JUMP ROPE,CORDA DE PULAR,SPRINGSEIL,CORDE À SAUTER,CORDA PER SALTARE
322,DEPORTES_JUGUETES,1,DADO,DICE,DADO,WÜRFEL,DÉ,DADO
323,DEPORTES_JUGUETES,2,ESQUIES,SKIS,ESQUIS,SKIER,SKIS,SCI
324,DEPORTES_JUGUETES,1,FLECHA,ARROW,FLECHA,PFEIL,FLÈCHE,FRECCIA
325,DEPORTES_JUGUETES,1,GUANTE DE BEISBOL,BASEBALL GLOVE,LUVA DE BEISEBOL,BASEBALLHANDSCHUH,GANT DE BASEBALL,GUANTONE DA BASEBALL
326,DEPORTES_JUGUETES,1,GUANTE DE BOX,BOXING GLOVE,LUVA DE BOXE,BOXHANDSCHUH,GANT DE BOXE,GUANTONE DA BOXE
327,DEPORTES_JUGUETES,1,HULA HOOP,HULA HOOP,BAMBOLE,HULA-HOOP,CERCEAU,HULA HOOP
328,DEPORTES_JUGUETES,1,MEDALLA,MEDAL,MEDALHA,MEDAILLE,MÉDAILLE,MEDAGLIA
329,DEPORTES_JUGUETES,1,MUNECO DE ACCION,ACTION FIGURE,BONECO DE ACAO,ACTIONFIGUR,FIGURINE,ACTION FIGURE
330,DEPORTES_JUGUETES,2,NAIPE,PLAYING CARD,CARTA DE BARALHO,SPIELKARTE,CARTE À JOUER,CARTA DA GIOCO
331,DEPORTES_JUGUETES,1,OSITO DE PELUCHE,TEDDY BEAR,URSO DE PELUCIA,TEDDYBÄR,OURS EN PELUCHE,ORSACCHIOTTO
332,DEPORTES_JUGUETES,1,PALO DE GOLF,GOLF CLUB,TACO DE GOLFE,GOLFSCHLÄGER,CLUB DE GOLF,MAZZA DA GOLF
333,DEPORTES_JUGUETES,1,PALO DE HOCKEY,HOCKEY STICK,TACO DE HOQUEI,HOCKEYSCHLÄGER,CROSSE DE HOCKEY,BASTONE DA HOCKEY
334,DEPORTES_JUGUETES,1,PATIN,ROLLER SKATE,PATINS,ROLLSCHUH,PATIN À ROULETTES,PATTINO
335,DEPORTES_JUGUETES,2,PATINES DE HIELO,ICE SKATES,PATINS DE GELO,SCHLITTSCHUHE,PATINS À GLACE,PATTINI DA GHIACCIO
336,DEPORTES_JUGUETES,1,PATO DE HULE,RUBBER DUCK,PATINHO DE BORRACHA,GUMMIENTE,CANARD EN PLASTIQUE,PAPERELLA DI GOMMA
337,DEPORTES_JUGUETES,1,PELOTA,BALL,BOLA,BALL,BALLE,PALLA
338,DEPORTES_JUGUETES,1,PELOTA DE BASQUET,BASKETBALL,BOLA DE BASQUETE,BASKETBALL,BALLON DE BASKET,PALLA DA BASKET
339,DEPORTES_JUGUETES,1,PELOTA DE PLAYA,BEACH BALL,BOLA DE PRAIA,WASSERBALL,BALLON DE PLAGE,PALLONE DA SPIAGGIA
340,DEPORTES_JUGUETES,1,PELOTA DE TENIS,TENNIS BALL,BOLA DE TENIS,TENNISBALL,BALLE DE TENNIS,PALLA DA TENNIS
341,DEPORTES_JUGUETES,1,PORTERIA DE FUTBOL,SOCCER GOAL,TRAVE DE FUTEBOL,FUSSBALLTOR,BUT DE FOOTBALL,PORTA DA CALCIO
342,DEPORTES_JUGUETES,1,RAQUETA,RACKET,RAQUETE,SCHLÄGER,RAQUETTE,RACCHETTA
343,DEPORTES_JUGUETES,2,RED,NET,REDE,NETZ,FILET,RETE
344,DEPORTES_JUGUETES,2,ROMPECABEZAS,JIGSAW PUZZLE,QUEBRA CABECA,PUZZLE,PUZZLE,PUZZLE
345,DEPORTES_JUGUETES,1,TABLA DE SURF,SURFBOARD,PRANCHA DE SURFE,SURFBRETT,PLANCHE DE SURF,TAVOLA DA SURF
346,DEPORTES_JUGUETES,2,TABLERO DE AJEDREZ,CHESSBOARD,TABULEIRO DE XADREZ,SCHACHBRETT,ÉCHIQUIER,SCACCHIERA
347,DEPORTES_JUGUETES,1,TREN DE JUGUETE,TOY TRAIN,TREM DE BRINQUEDO,SPIELZEUGZUG,TRAIN JOUET,TRENINO
348,DEPORTES_JUGUETES,1,TROFEO,TROPHY,TROFEU,POKAL,TROPHÉE,TROFEO
349,DEPORTES_JUGUETES,2,TROMPO,SPINNING TOP,PIAO,KREISEL,TOUPIE,TROTTOLA
350,DEPORTES_JUGUETES,1,YOYO,YOYO,IOIO,JOJO,YOYO,YOYO
351,EDIFICIOS,1,AEROPUERTO,AIRPORT,AEROPORTO,FLUGHAFEN,AÉROPORT,AEROPORTO
352,EDIFICIOS,1,BANCO,BANK,BANCO,BANK,BANQUE,BANCA
353,EDIFICIOS,1,BIBLIOTECA,LIBRARY,BIBLIOTECA,BIBLIOTHEK,BIBLIOTHÈQUE,BIBLIOTECA
354,EDIFICIOS,2,BODEGA,WAREHOUSE,ARMAZEM,LAGERHAUS,ENTREPÔT,MAGAZZINO
355,EDIFICIOS,1,CABANA,CABIN,CABANA,HÜTTE,CABANE,CAPANNA
356,EDIFICIOS,2,CAPILLA,CHAPEL,CAPELA,KAPELLE,CHAPELLE,CAPPELLA
357,EDIFICIOS,1,CARCEL,JAIL,PRISAO,GEFÄNGNIS,PRISON,PRIGIONE
358,EDIFICIOS,2,CARNICERIA,BUTCHER SHOP,ACOUGUE,METZGEREI,BOUCHERIE,MACELLERIA
359,EDIFICIOS,1,CASA,HOUSE,CASA,HAUS,MAISON,CASA
360,EDIFICIOS,2,CHOZA,HUT,CHOCA,HÜTTE,HUTTE,CAPANNA
361,EDIFICIOS,1,CINE,CINEMA,CINEMA,KINO,CINÉMA,CINEMA
362,EDIFICIOS,2,CORREO,POST OFFICE,CORREIO,POSTAMT,BUREAU DE POSTE,UFFICIO POSTALE
363,EDIFICIOS,2,CUARTEL,BARRACKS,QUARTEL,KASERNE,CASERNE,CASERMA
364,EDIFICIOS,1,ESCUELA,SCHOOL,ESCOLA,SCHULE,ÉCOLE,SCUOLA
365,EDIFICIOS,2,ESTABLO,STABLE,ESTABULO,STALL,ÉCURIE,STALLA
366,EDIFICIOS,2,ESTACION DE TREN,TRAIN STATION,ESTACAO DE TREM,BAHNHOF,GARE,STAZIONE
367,EDIFICIOS,2,FABRICA,FACTORY,FABRICA,FABRIK,USINE,FABBRICA
368,EDIFICIOS,1,FARMACIA,PHARMACY,FARMACIA,APOTHEKE,PHARMACIE,FARMACIA
369,EDIFICIOS,1,GARAJE,GARAGE,GARAGEM,GARAGE,GARAGE,GARAGE
370,EDIFICIOS,1,GASOLINERA,GAS STATION,POSTO DE GASOLINA,TANKSTELLE,STATION-SERVICE,DISTRIBUTORE
371,EDIFICIOS,1,GRANJA,FARM,FAZENDA,BAUERNHOF,FERME,FATTORIA
372,EDIFICIOS,1,HOSPITAL,HOSPITAL,HOSPITAL,KRANKENHAUS,HÔPITAL,OSPEDALE
373,EDIFICIOS,1,IGLU,IGLOO,IGLU,IGLU,IGLOO,IGLU
374,EDIFICIOS,2,INVERNADERO,GREENHOUSE,ESTUFA,GEWÄCHSHAUS,SERRE,SERRA
375,EDIFICIOS,1,MERCADO,MARKET,MERCADO,MARKT,MARCHÉ,MERCATO
376,EDIFICIOS,1,MEZQUITA,MOSQUE,MESQUITA,MOSCHEE,MOSQUÉE,MOSCHEA
377,EDIFICIOS,1,MUSEO,MUSEUM,MUSEU,MUSEUM,MUSÉE,MUSEO
378,EDIFICIOS,1,PAGODA,PAGODA,PAGODE,PAGODE,PAGODE,PAGODA
379,EDIFICIOS,1,PANADERIA,BAKERY,PADARIA,BÄCKEREI,BOULANGERIE,PANIFICIO
380,EDIFICIOS,1,RASCACIELOS,SKYSCRAPER,ARRANHA CEU,WOLKENKRATZER,GRATTE-CIEL,GRATTACIELO
381,EDIFICIOS,2,SINAGOGA,SYNAGOGUE,SINAGOGA,SYNAGOGE,SYNAGOGUE,SINAGOGA
382,EDIFICIOS,1,SUPERMERCADO,SUPERMARKET,SUPERMERCADO,SUPERMARKT,SUPERMARCHÉ,SUPERMERCATO
383,EDIFICIOS,1,TEATRO,THEATER,TEATRO,THEATER,THÉÂTRE,TEATRO
384,EDIFICIOS,1,TIENDA DE CAMPANA,TENT,BARRACA,ZELT,TENTE,TENDA
385,EDIFICIOS,2,UNIVERSIDAD,UNIVERSITY,UNIVERSIDADE,UNIVERSITÄT,UNIVERSITÉ,UNIVERSITÀ
386,FENOMENOS_NATURALES,1,ARCOIRIS,RAINBOW,ARCO IRIS,REGENBOGEN,ARC-EN-CIEL,ARCOBALENO
387,FENOMENOS_NATURALES,2,AURORA BOREAL,AURORA,AURORA BOREAL,POLARLICHT,AURORE BORÉALE,AURORA BOREALE
388,FENOMENOS_NATURALES,2,AVALANCHA,AVALANCHE,AVALANCHE,LAWINE,AVALANCHE,VALANGA
389,FENOMENOS_NATURALES,1,CASCADA,WATERFALL,CACHOEIRA,WASSERFALL,CASCADE,CASCATA
390,FENOMENOS_NATURALES,1,ECLIPSE,ECLIPSE,ECLIPSE,FINSTERNIS,ÉCLIPSE,ECLISSI
391,FENOMENOS_NATURALES,2,ERUPCION,ERUPTION,ERUPCAO,ERUPTION,ÉRUPTION,ERUZIONE
392,FENOMENOS_NATURALES,2,ESCARCHA,FROST,GEADA,FROST,GIVRE,BRINA
393,FENOMENOS_NATURALES,2,ESTALACTITA,STALACTITE,ESTALACTITE,STALAKTIT,STALACTITE,STALATTITE
394,FENOMENOS_NATURALES,2,ESTALAGMITA,STALAGMITE,ESTALAGMITE,STALAGMIT,STALAGMITE,STALAGMITE
395,FENOMENOS_NATURALES,1,ESTRELLA FUGAZ,SHOOTING STAR,ESTRELA CADENTE,STERNSCHNUPPE,ÉTOILE FILANTE,STELLA CADENTE
396,FENOMENOS_NATURALES,2,GEISER,GEYSER,GEISER,GEYSIR,GEYSER,GEYSER
397,FENOMENOS_NATURALES,1,GLACIAR,GLACIER,GELEIRA,GLETSCHER,GLACIER,GHIACCIAIO
398,FENOMENOS_NATURALES,2,GRANIZO,HAIL,GRANIZO,HAGEL,GRÊLE,GRANDINE
399,FENOMENOS_NATURALES,2,HURACAN,HURRICANE,FURACAO,HURRIKAN,OURAGAN,URAGANO
400,FENOMENOS_NATURALES,1,LLUVIA,RAIN,CHUVA,REGEN,PLUIE,PIOGGIA
401,FENOMENOS_NATURALES,2,LLUVIA DE METEORITOS,METEOR SHOWER,CHUVA DE METEOROS,METEORSCHAUER,PLUIE DE MÉTÉORES,PIOGGIA DI METEORE
402,FENOMENOS_NATURALES,2,MAREA,TIDE,MARE,GEZEITEN,MARÉE,MAREA
403,FENOMENOS_NATURALES,2,NEVADA,SNOWFALL,NEVASCA,SCHNEEFALL,CHUTE DE NEIGE,NEVICATA
404,FENOMENOS_NATURALES,2,NIEBLA,FOG,NEBLINA,NEBEL,BROUILLARD,NEBBIA
405,FENOMENOS_NATURALES,1,NUBE,CLOUD,NUVEM,WOLKE,NUAGE,NUVOLA
406,FENOMENOS_NATURALES,2,OASIS,OASIS,OASIS,OASE,OASIS,OASI
407,FENOMENOS_NATURALES,1,RAYO,LIGHTNING,RAIO,BLITZ,FOUDRE,FULMINE
408,FENOMENOS_NATURALES,2,REMOLINO,WHIRLPOOL,REDEMOINHO,STRUDEL,TOURBILLON,VORTICE
409,FENOMENOS_NATURALES,3,ROCIO,DEW,ORVALHO,TAU,ROSÉE,RUGIADA
410,FENOMENOS_NATURALES,2,TERREMOTO,EARTHQUAKE,TERREMOTO,ERDBEBEN,TREMBLEMENT DE TERRE,TERREMOTO
411,FENOMENOS_NATURALES,2,TORMENTA DE ARENA,SANDSTORM,TEMPESTADE DE AREIA,SANDSTURM,TEMPÊTE DE SABLE,TEMPESTA DI SABBIA
412,FENOMENOS_NATURALES,1,TORNADO,TORNADO,TORNADO,TORNADO,TORNADE,TORNADO
413,FENOMENOS_NATURALES,2,TRUENO,THUNDER,TROVAO,DONNER,TONNERRE,TUONO
414,FENOMENOS_NATURALES,2,TSUNAMI,TSUNAMI,TSUNAMI,TSUNAMI,TSUNAMI,TSUNAMI
415,FENOMENOS_NATURALES,2,VENTISCA,BLIZZARD,NEVASCA FORTE,SCHNEESTURM,BLIZZARD,BUFERA DI NEVE
416,FENOMENOS_NATURALES,1,VOLCAN,VOLCANO,VULCAO,VULKAN,VOLCAN,VULCANO
417,HERRAMIENTAS,2,ABRELATAS,CAN OPENER,ABRIDOR DE LATAS,DOSENÖFFNER,OUVRE-BOÎTE,APRISCATOLE
418,HERRAMIENTAS,2,ALICATE,PLIERS,ALICATE,ZANGE,PINCE,PINZA
419,HERRAMIENTAS,1,CADENA,CHAIN,CORRENTE,KETTE,CHAÎNE,CATENA
420,HERRAMIENTAS,2,CINTA METRICA,TAPE MEASURE,FITA METRICA,MASSBAND,MÈTRE RUBAN,METRO A NASTRO
421,HERRAMIENTAS,1,CLAVO,NAIL,PREGO,NAGEL,CLOU,CHIODO
422,HERRAMIENTAS,2,CORTAUNAS,NAIL CLIPPER,CORTADOR DE UNHAS,NAGELKNIPSER,COUPE-ONGLES,TAGLIAUNGHIE
423,HERRAMIENTAS,1,CUERDA,ROPE,CORDA,SEIL,CORDE,CORDA
424,HERRAMIENTAS,1,DESTAPADOR,BOTTLE OPENER,ABRIDOR DE GARRAFAS,FLASCHENÖFFNER,DÉCAPSULEUR,APRIBOTTIGLIE
425,HERRAMIENTAS,1,DESTORNILLADOR,SCREWDRIVER,CHAVE DE FENDA,SCHRAUBENZIEHER,TOURNEVIS,CACCIAVITE
426,HERRAMIENTAS,1,ESCALERA,LADDER,ESCADA,LEITER,ÉCHELLE,SCALA
427,HERRAMIENTAS,2,GATO HIDRAULICO,CAR JACK,MACACO HIDRAULICO,WAGENHEBER,CRIC,CRIC
428,HERRAMIENTAS,1,HACHA,AXE,MACHADO,AXT,HACHE,ASCIA
429,HERRAMIENTAS,1,IMAN,MAGNET,IMA,MAGNET,AIMANT,CALAMITA
430,HERRAMIENTAS,2,LIJA,SANDPAPER,LIXA,SCHLEIFPAPIER,PAPIER DE VERRE,CARTA VETRATA
431,HERRAMIENTAS,2,LIMA,FILE,LIMA,FEILE,LIME,LIMA
432,HERRAMIENTAS,2,LLAVE INGLESA,WRENCH,CHAVE INGLESA,SCHRAUBENSCHLÜSSEL,CLÉ ANGLAISE,CHIAVE INGLESE
433,HERRAMIENTAS,1,MANGUERA,HOSE,MANGUEIRA,SCHLAUCH,TUYAU,TUBO
434,HERRAMIENTAS,1,MARTILLO,HAMMER,MARTELO,HAMMER,MARTEAU,MARTELLO
435,HERRAMIENTAS,1,MOTOSIERRA,CHAINSAW,MOTOSSERRA,KETTENSÄGE,TRONÇONNEUSE,MOTOSEGA
436,HERRAMIENTAS,2,NIVEL,SPIRIT LEVEL,NIVEL,WASSERWAAGE,NIVEAU,LIVELLA
437,HERRAMIENTAS,1,PALA,SHOVEL,PA,SCHAUFEL,PELLE,PALA
438,HERRAMIENTAS,1,PINCEL,PAINTBRUSH,PINCEL,PINSEL,PINCEAU,PENNELLO
439,HERRAMIENTAS,2,PODADORA,LAWNMOWER,CORTADOR DE GRAMA,RASENMÄHER,TONDEUSE,TOSAERBA
440,HERRAMIENTAS,2,RASTRILLO,RAKE,ANCINHO,RECHEN,RÂTEAU,RASTRELLO
441,HERRAMIENTAS,1,REGADERA,WATERING CAN,REGADOR,GIESSKANNE,ARROSOIR,ANNAFFIATOIO
442,HERRAMIENTAS,2,RODILLO,PAINT ROLLER,ROLO DE PINTURA,FARBROLLER,ROULEAU À PEINTURE,RULLO
443,HERRAMIENTAS,1,SIERRA,SAW,SERRA,SÄGE,SCIE,SEGA
444,HERRAMIENTAS,2,SOPLETE,BLOWTORCH,MACARICO,LÖTLAMPE,CHALUMEAU,CANNELLO
445,HERRAMIENTAS,1,TALADRO,DRILL,FURADEIRA,BOHRER,PERCEUSE,TRAPANO
446,HERRAMIENTAS,2,TENAZA,TONGS,TENAZ,KNEIFZANGE,TENAILLE,TENAGLIA
447,HERRAMIENTAS,1,TORNILLO,SCREW,PARAFUSO,SCHRAUBE,VIS,VITE
448,HERRAMIENTAS,2,TUERCA,NUT,PORCA,MUTTER,ÉCROU,DADO
449,HERRAMIENTAS,2,YUNQUE,ANVIL,BIGORNA,AMBOSS,ENCLUME,INCUDINE
450,INSTRUMENTOS_MUSICALES,2,ACORDEON,ACCORDION,ACORDEAO,AKKORDEON,ACCORDÉON,FISARMONICA
451,INSTRUMENTOS_MUSICALES,2,AMPLIFICADOR,AMPLIFIER,AMPLIFICADOR,VERSTÄRKER,AMPLIFICATEUR,AMPLIFICATORE
452,INSTRUMENTOS_MUSICALES,2,ARMONICA,HARMONICA,GAITA,MUNDHARMONIKA,HARMONICA,ARMONICA
453,INSTRUMENTOS_MUSICALES,1,ARPA,HARP,HARPA,HARFE,HARPE,ARPA
454,INSTRUMENTOS_MUSICALES,2,ATRIL,MUSIC STAND,ESTANTE DE PARTITURA,NOTENSTÄNDER,PUPITRE,LEGGIO
455,INSTRUMENTOS_MUSICALES,2,BANJO,BANJO,BANJO,BANJO,BANJO,BANJO
456,INSTRUMENTOS_MUSICALES,1,BATERIA,DRUM KIT,BATERIA,SCHLAGZEUG,BATTERIE,BATTERIA
457,INSTRUMENTOS_MUSICALES,2,BONGO,BONGO,BONGO,BONGO,BONGO,BONGO
458,INSTRUMENTOS_MUSICALES,1,CAMPANA,BELL,SINO,GLOCKE,CLOCHE,CAMPANA
459,INSTRUMENTOS_MUSICALES,2,CASTANUELAS,CASTANETS,CASTANHOLAS,KASTAGNETTEN,CASTAGNETTES,NACCHERE
460,INSTRUMENTOS_MUSICALES,2,CLARINETE,CLARINET,CLARINETE,KLARINETTE,CLARINETTE,CLARINETTO
461,INSTRUMENTOS_MUSICALES,2,CONTRABAJO,DOUBLE BASS,CONTRABAIXO,KONTRABASS,CONTREBASSE,CONTRABBASSO
462,INSTRUMENTOS_MUSICALES,2,CORNETA,BUGLE,CORNETA,SIGNALHORN,CLAIRON,CORNETTA
463,INSTRUMENTOS_MUSICALES,2,CUERNO,HORN,CHIFRE,HORN,COR,CORNO
464,INSTRUMENTOS_MUSICALES,3,DIDGERIDOO,DIDGERIDOO,DIDGERIDOO,DIDGERIDOO,DIDGERIDOO,DIDGERIDOO
465,INSTRUMENTOS_MUSICALES,1,FLAUTA,FLUTE,FLAUTA,FLÖTE,FLÛTE,FLAUTO
466,INSTRUMENTOS_MUSICALES,2,GAITA,BAGPIPES,GAITA DE FOLES,DUDELSACK,CORNEMUSE,CORNAMUSA
467,INSTRUMENTOS_MUSICALES,1,GUITARRA,GUITAR,VIOLAO,GITARRE,GUITARE,CHITARRA
468,INSTRUMENTOS_MUSICALES,1,MARACAS,MARACAS,MARACAS,MARACAS,MARACAS,MARACAS
469,INSTRUMENTOS_MUSICALES,2,METRONOMO,METRONOME,METRONOMO,METRONOM,MÉTRONOME,METRONOMO
470,INSTRUMENTOS_MUSICALES,2,ORGANO,ORGAN,ORGAO,ORGEL,ORGUE,ORGANO
471,INSTRUMENTOS_MUSICALES,2,PANDERETA,TAMBOURINE,PANDEIRO,TAMBURIN,TAMBOURIN,TAMBURELLO
472,INSTRUMENTOS_MUSICALES,1,PIANO,PIANO,PIANO,KLAVIER,PIANO,PIANOFORTE
473,INSTRUMENTOS_MUSICALES,1,SAXOFON,SAXOPHONE,SAXOFONE,SAXOFON,SAXOPHONE,SASSOFONO
474,INSTRUMENTOS_MUSICALES,1,TAMBOR,DRUM,TAMBOR,TROMMEL,TAMBOUR,TAMBURO
475,INSTRUMENTOS_MUSICALES,2,TIMBAL,TIMPANI,TIMPANO,PAUKE,TIMBALE,TIMPANO
476,INSTRUMENTOS_MUSICALES,1,TRIANGULO,TRIANGLE,TRIANGULO,TRIANGEL,TRIANGLE,TRIANGOLO
477,INSTRUMENTOS_MUSICALES,2,TROMBON,TROMBONE,TROMBONE,POSAUNE,TROMBONE,TROMBONE
478,INSTRUMENTOS_MUSICALES,1,TROMPETA,TRUMPET,TROMPETE,TROMPETE,TROMPETTE,TROMBA
479,INSTRUMENTOS_MUSICALES,2,TUBA,TUBA,TUBA,TUBA,TUBA,TUBA
480,INSTRUMENTOS_MUSICALES,1,UKELELE,UKULELE,UCULELE,UKULELE,UKULÉLÉ,UKULELE
481,INSTRUMENTOS_MUSICALES,1,VIOLIN,VIOLIN,VIOLINO,GEIGE,VIOLON,VIOLINO
482,INSTRUMENTOS_MUSICALES,2,VIOLONCHELO,CELLO,VIOLONCELO,CELLO,VIOLONCELLE,VIOLONCELLO
483,INSTRUMENTOS_MUSICALES,2,XILOFONO,XYLOPHONE,XILOFONE,XYLOFON,XYLOPHONE,XILOFONO
484,LUGARES_FISICOS,2,ACANTILADO,CLIFF,PENHASCO,KLIPPE,FALAISE,SCOGLIERA
485,LUGARES_FISICOS,2,ARRECIFE,REEF,RECIFE,RIFF,RÉCIF,SCOGLIERA
486,LUGARES_FISICOS,1,BOSQUE,FOREST,FLORESTA,WALD,FORÊT,FORESTA
487,LUGARES_FISICOS,1,CATARATA,WATERFALL,CATARATA,WASSERFALL,CASCADE,CASCATA
488,LUGARES_FISICOS,2,CAVERNA,CAVERN,CAVERNA,HÖHLE,CAVERNE,CAVERNA
489,LUGARES_FISICOS,2,COLINA,HILL,COLINA,HÜGEL,COLLINE,COLLINA
490,LUGARES_FISICOS,1,CUEVA,CAVE,GRUTA,GROTTE,GROTTE,GROTTA
491,LUGARES_FISICOS,2,DELTA,DELTA,DELTA,DELTA,DELTA,DELTA
492,LUGARES_FISICOS,1,DESIERTO,DESERT,DESERTO,WÜSTE,DÉSERT,DESERTO
493,LUGARES_FISICOS,2,DUNA,DUNE,DUNA,DÜNE,DUNE,DUNA
494,LUGARES_FISICOS,3,ESTEPA,STEPPE,ESTEPE,STEPPE,STEPPE,STEPPA
495,LUGARES_FISICOS,3,FIORDO,FJORD,FIORDE,FJORD,FJORD,FIORDO
496,LUGARES_FISICOS,2,GRUTA,GROTTO,GRUTA,GROTTE,GROTTE,GROTTA
497,LUGARES_FISICOS,1,ISLA,ISLAND,ILHA,INSEL,ÎLE,ISOLA
498,LUGARES_FISICOS,1,LAGO,LAKE,LAGO,SEE,LAC,LAGO
499,LUGARES_FISICOS,2,LAGUNA,LAGOON,LAGOA,LAGUNE,LAGUNE,LAGUNA
500,LUGARES_FISICOS,3,MANANTIAL,SPRING,NASCENTE,QUELLE,SOURCE,SORGENTE
501,LUGARES_FISICOS,1,MAR,SEA,MAR,MEER,MER,MARE
502,LUGARES_FISICOS,1,MONTANA,MOUNTAIN,MONTANHA,BERG,MONTAGNE,MONTAGNA
503,LUGARES_FISICOS,2,OCEANO,OCEAN,OCEANO,OZEAN,OCÉAN,OCEANO
504,LUGARES_FISICOS,2,PANTANO,SWAMP,PANTANO,SUMPF,MARAIS,PALUDE
505,LUGARES_FISICOS,2,PENINSULA,PENINSULA,PENINSULA,HALBINSEL,PÉNINSULE,PENISOLA
506,LUGARES_FISICOS,1,PLAYA,BEACH,PRAIA,STRAND,PLAGE,SPIAGGIA
507,LUGARES_FISICOS,2,PRADERA,MEADOW,PRADARIA,WIESE,PRAIRIE,PRATERIA
508,LUGARES_FISICOS,1,RIO,RIVER,RIO,FLUSS,RIVIÈRE,FIUME
509,LUGARES_FISICOS,2,SABANA,SAVANNA,SAVANA,SAVANNE,SAVANE,SAVANA
510,LUGARES_FISICOS,1,SELVA,JUNGLE,SELVA,DSCHUNGEL,JUNGLE,GIUNGLA
511,LUGARES_FISICOS,3,TUNDRA,TUNDRA,TUNDRA,TUNDRA,TOUNDRA,TUNDRA
512,LUGARES_FISICOS,2,VALLE,VALLEY,VALE,TAL,VALLÉE,VALLE
513,MONUMENTOS_LUGARES,2,ACUEDUCTO,AQUEDUCT,AQUEDUTO,AQUÄDUKT,AQUEDUC,ACQUEDOTTO
514,MONUMENTOS_LUGARES,2,ANFITEATRO,AMPHITHEATER,ANFITEATRO,AMPHITHEATER,AMPHITHÉÂTRE,ANFITEATRO
515,MONUMENTOS_LUGARES,1,ARCO DEL TRIUNFO,ARC DE TRIOMPHE,ARCO DO TRIUNFO,TRIUMPHBOGEN,ARC DE TRIOMPHE,ARCO DI TRIONFO
516,MONUMENTOS_LUGARES,1,BIG BEN,BIG BEN,BIG BEN,BIG BEN,BIG BEN,BIG BEN
517,MONUMENTOS_LUGARES,1,CASTILLO,CASTLE,CASTELO,SCHLOSS,CHÂTEAU,CASTELLO
518,MONUMENTOS_LUGARES,2,CATEDRAL,CATHEDRAL,CATEDRAL,KATHEDRALE,CATHÉDRALE,CATTEDRALE
519,MONUMENTOS_LUGARES,1,COLISEO,COLOSSEUM,COLISEU,KOLOSSEUM,COLISÉE,COLOSSEO
520,MONUMENTOS_LUGARES,1,CRISTO REDENTOR,CHRIST THE REDEEMER,CRISTO REDENTOR,CHRISTUSSTATUE,CHRIST RÉDEMPTEUR,CRISTO REDENTORE
521,MONUMENTOS_LUGARES,1,ESTADIO,STADIUM,ESTADIO,STADION,STADE,STADIO
522,MONUMENTOS_LUGARES,1,ESTATUA,STATUE,ESTATUA,STATUE,STATUE,STATUA
523,MONUMENTOS_LUGARES,1,ESTATUA DE LA LIBERTAD,STATUE OF LIBERTY,ESTATUA DA LIBERDADE,FREIHEITSSTATUE,STATUE DE LA LIBERTÉ,STATUA DELLA LIBERTÀ
524,MONUMENTOS_LUGARES,1,FARO,LIGHTHOUSE,FAROL,LEUCHTTURM,PHARE,FARO
525,MONUMENTOS_LUGARES,1,FUENTE,FOUNTAIN,FONTE,BRUNNEN,FONTAINE,FONTANA
526,MONUMENTOS_LUGARES,1,IGLESIA,CHURCH,IGREJA,KIRCHE,ÉGLISE,CHIESA
527,MONUMENTOS_LUGARES,2,MACHU PICCHU,MACHU PICCHU,MACHU PICCHU,MACHU PICCHU,MACHU PICCHU,MACHU PICCHU
528,MONUMENTOS_LUGARES,2,MIRADOR,LOOKOUT,MIRANTE,AUSSICHTSPUNKT,BELVÉDÈRE,BELVEDERE
529,MONUMENTOS_LUGARES,1,MOLINO DE VIENTO,WINDMILL,MOINHO DE VENTO,WINDMÜHLE,MOULIN À VENT,MULINO A VENTO
530,MONUMENTOS_LUGARES,2,MONTE RUSHMORE,MOUNT RUSHMORE,MONTE RUSHMORE,MOUNT RUSHMORE,MONT RUSHMORE,MONTE RUSHMORE
531,MONUMENTOS_LUGARES,2,MUELLE,PIER,CAIS,STEG,QUAI,MOLO
532,MONUMENTOS_LUGARES,2,MURALLA CHINA,GREAT WALL OF CHINA,MURALHA DA CHINA,CHINESISCHE MAUER,GRANDE MURAILLE,GRANDE MURAGLIA
533,MONUMENTOS_LUGARES,1,OBELISCO,OBELISK,OBELISCO,OBELISK,OBÉLISQUE,OBELISCO
534,MONUMENTOS_LUGARES,2,PALACIO,PALACE,PALACIO,PALAST,PALAIS,PALAZZO
535,MONUMENTOS_LUGARES,1,PARQUE,PARK,PARQUE,PARK,PARC,PARCO
536,MONUMENTOS_LUGARES,1,PIRAMIDE,PYRAMID,PIRAMIDE,PYRAMIDE,PYRAMIDE,PIRAMIDE
537,MONUMENTOS_LUGARES,2,PLAZA,PLAZA,PRACA,PLATZ,PLACE,PIAZZA
538,MONUMENTOS_LUGARES,1,PUENTE,BRIDGE,PONTE,BRÜCKE,PONT,PONTE
539,MONUMENTOS_LUGARES,2,PUERTO,HARBOR,PORTO,HAFEN,PORT,PORTO
540,MONUMENTOS_LUGARES,2,RUINAS,RUINS,RUINAS,RUINEN,RUINES,ROVINE
541,MONUMENTOS_LUGARES,2,TAJ MAHAL,TAJ MAHAL,TAJ MAHAL,TAJ MAHAL,TAJ MAHAL,TAJ MAHAL
542,MONUMENTOS_LUGARES,2,TEMPLO,TEMPLE,TEMPLO,TEMPEL,TEMPLE,TEMPIO
543,MONUMENTOS_LUGARES,2,TORRE DE CONTROL,CONTROL TOWER,TORRE DE CONTROLE,KONTROLLTURM,TOUR DE CONTRÔLE,TORRE DI CONTROLLO
544,MONUMENTOS_LUGARES,1,TORRE DE PISA,LEANING TOWER OF PISA,TORRE DE PISA,TURM VON PISA,TOUR DE PISE,TORRE DI PISA
545,MONUMENTOS_LUGARES,1,TORRE EIFFEL,EIFFEL TOWER,TORRE EIFFEL,EIFFELTURM,TOUR EIFFEL,TORRE EIFFEL
546,OBJETOS_MUEBLES,1,ABANICO,HAND FAN,LEQUE,FÄCHER,ÉVENTAIL,VENTAGLIO
547,OBJETOS_MUEBLES,2,ALFOMBRA,CARPET,TAPETE,TEPPICH,TAPIS,TAPPETO
548,OBJETOS_MUEBLES,1,ALMOHADA,PILLOW,TRAVESSEIRO,KISSEN,OREILLER,CUSCINO
549,OBJETOS_MUEBLES,1,ANTEOJOS,GLASSES,OCULOS,BRILLE,LUNETTES,OCCHIALI
550,OBJETOS_MUEBLES,2,ARMARIO,WARDROBE,GUARDA ROUPA,KLEIDERSCHRANK,ARMOIRE,ARMADIO
551,OBJETOS_MUEBLES,2,ASPIRADORA,VACUUM CLEANER,ASPIRADOR,STAUBSAUGER,ASPIRATEUR,ASPIRAPOLVERE
552,OBJETOS_MUEBLES,1,BALDE,BUCKET,BALDE,EIMER,SEAU,SECCHIO
553,OBJETOS_MUEBLES,1,BASURERO,TRASH CAN,LIXEIRA,MÜLLEIMER,POUBELLE,CESTINO
554,OBJETOS_MUEBLES,2,BATIDOR,WHISK,BATEDOR,SCHNEEBESEN,FOUET,FRUSTA
555,OBJETOS_MUEBLES,2,BAUL,CHEST,BAU,TRUHE,COFFRE,BAULE
556,OBJETOS_MUEBLES,2,BILLETERA,WALLET,CARTEIRA,GELDBÖRSE,PORTEFEUILLE,PORTAFOGLIO
557,OBJETOS_MUEBLES,2,BOLSO,BAG,BOLSA,TASCHE,SAC,BORSA
558,OBJETOS_MUEBLES,1,BOTELLA,BOTTLE,GARRAFA,FLASCHE,BOUTEILLE,BOTTIGLIA
559,OBJETOS_MUEBLES,1,CAJA,BOX,CAIXA,SCHACHTEL,BOÎTE,SCATOLA
560,OBJETOS_MUEBLES,2,CALEFACTOR,HEATER,AQUECEDOR,HEIZUNG,RADIATEUR,STUFA
561,OBJETOS_MUEBLES,1,CAMA,BED,CAMA,BETT,LIT,LETTO
562,OBJETOS_MUEBLES,2,CANDADO,PADLOCK,CADEADO,VORHÄNGESCHLOSS,CADENAS,LUCCHETTO
563,OBJETOS_MUEBLES,2,CARTERA,PURSE,BOLSA DE MAO,HANDTASCHE,SAC À MAIN,BORSETTA
564,OBJETOS_MUEBLES,2,CEPILLO,BRUSH,ESCOVA,BÜRSTE,BROSSE,SPAZZOLA
565,OBJETOS_MUEBLES,1,CHIMENEA,FIREPLACE,LAREIRA,KAMIN,CHEMINÉE,CAMINO
566,OBJETOS_MUEBLES,1,COLADOR,STRAINER,COADOR,SIEB,PASSOIRE,COLINO
567,OBJETOS_MUEBLES,2,CORTINA,CURTAIN,CORTINA,VORHANG,RIDEAU,TENDA
568,OBJETOS_MUEBLES,1,CUADRO,PAINTING,QUADRO,GEMÄLDE,TABLEAU,QUADRO
569,OBJETOS_MUEBLES,1,CUCHARA,SPOON,COLHER,LÖFFEL,CUILLÈRE,CUCCHIAIO
570,OBJETOS_MUEBLES,1,CUCHILLO,KNIFE,FACA,MESSER,COUTEAU,COLTELLO
571,OBJETOS_MUEBLES,1,ESCOBA,BROOM,VASSOURA,BESEN,BALAI,SCOPA
572,OBJETOS_MUEBLES,1,ESPATULA,SPATULA,ESPATULA,SPATEL,SPATULE,SPATOLA
573,OBJETOS_MUEBLES,1,ESPEJO,MIRROR,ESPELHO,SPIEGEL,MIROIR,SPECCHIO
574,OBJETOS_MUEBLES,2,ESTANTE,SHELF,PRATELEIRA,REGAL,ÉTAGÈRE,SCAFFALE
575,OBJETOS_MUEBLES,2,FLORERO,VASE,VASO,VASE,VASE,VASO
576,OBJETOS_MUEBLES,1,FRASCO,JAR,POTE,GLAS,BOCAL,BARATTOLO
577,OBJETOS_MUEBLES,1,HELADERA,FRIDGE,GELADEIRA,KÜHLSCHRANK,RÉFRIGÉRATEUR,FRIGORIFERO
578,OBJETOS_MUEBLES,1,HORNO,OVEN,FORNO,OFEN,FOUR,FORNO
579,OBJETOS_MUEBLES,1,JABON,SOAP,SABAO,SEIFE,SAVON,SAPONE
580,OBJETOS_MUEBLES,1,JARRA,PITCHER,JARRA,KRUG,CRUCHE,BROCCA
581,OBJETOS_MUEBLES,1,LAMPARA,LAMP,LUMINARIA,LAMPE,LAMPE,LAMPADA
582,OBJETOS_MUEBLES,1,LATA,CAN,LATA,DOSE,BOÎTE DE CONSERVE,LATTINA
583,OBJETOS_MUEBLES,2,LAVARROPAS,WASHING MACHINE,MAQUINA DE LAVAR,WASCHMASCHINE,LAVE-LINGE,LAVATRICE
584,OBJETOS_MUEBLES,2,LICUADORA,BLENDER,LIQUIDIFICADOR,MIXER,MIXEUR,FRULLATORE
585,OBJETOS_MUEBLES,1,LLAVE,KEY,CHAVE,SCHLÜSSEL,CLÉ,CHIAVE
586,OBJETOS_MUEBLES,2,MACETA,FLOWERPOT,VASO DE PLANTA,BLUMENTOPF,POT DE FLEURS,VASO DA FIORI
587,OBJETOS_MUEBLES,1,MALETA,SUITCASE,MALA,KOFFER,VALISE,VALIGIA
588,OBJETOS_MUEBLES,2,MANTA,BLANKET,COBERTOR,DECKE,COUVERTURE,COPERTA
589,OBJETOS_MUEBLES,1,MESA,TABLE,MESA,TISCH,TABLE,TAVOLO
590,OBJETOS_MUEBLES,2,MICROONDAS,MICROWAVE,MICRO ONDAS,MIKROWELLE,MICRO-ONDES,MICROONDE
591,OBJETOS_MUEBLES,1,MOCHILA,BACKPACK,MOCHILA,RUCKSACK,SAC À DOS,ZAINO
592,OBJETOS_MUEBLES,2,MOLDE PARA TORTA,CAKE PAN,FORMA DE BOLO,KUCHENFORM,MOULE À GÂTEAU,STAMPO PER TORTA
593,OBJETOS_MUEBLES,1,OLLA,POT,PANELA,TOPF,CASSEROLE,PENTOLA
594,OBJETOS_MUEBLES,1,PARAGUAS,UMBRELLA,GUARDA CHUVA,REGENSCHIRM,PARAPLUIE,OMBRELLO
595,OBJETOS_MUEBLES,1,PEINE,COMB,PENTE,KAMM,PEIGNE,PETTINE
596,OBJETOS_MUEBLES,1,PERCHA,HANGER,CABIDE,KLEIDERBÜGEL,CINTRE,GRUCCIA
597,OBJETOS_MUEBLES,1,PLANCHA,IRON,FERRO DE PASSAR,BÜGELEISEN,FER À REPASSER,FERRO DA STIRO
598,OBJETOS_MUEBLES,1,PLATO,PLATE,PRATO,TELLER,ASSIETTE,PIATTO
599,OBJETOS_MUEBLES,2,PORTARRETRATO,PICTURE FRAME,PORTA RETRATO,BILDERRAHMEN,CADRE PHOTO,CORNICE
600,OBJETOS_MUEBLES,1,PUERTA,DOOR,PORTA,TÜR,PORTE,PORTA
601,OBJETOS_MUEBLES,2,RALLADOR,GRATER,RALADOR,REIBE,RÂPE,GRATTUGIA
602,OBJETOS_MUEBLES,1,RELOJ,CLOCK,RELOGIO,UHR,HORLOGE,OROLOGIO
603,OBJETOS_MUEBLES,1,SARTEN,FRYING PAN,FRIGIDEIRA,BRATPFANNE,POÊLE,PADELLA
604,OBJETOS_MUEBLES,1,SILLA,CHAIR,CADEIRA,STUHL,CHAISE,SEDIA
605,OBJETOS_MUEBLES,1,SOFA,SOFA,SOFA,SOFA,CANAPÉ,DIVANO
606,OBJETOS_MUEBLES,1,TABLA DE CORTAR,CUTTING BOARD,TABUA DE CORTE,SCHNEIDEBRETT,PLANCHE À DÉCOUPER,TAGLIERE
607,OBJETOS_MUEBLES,1,TAZA,MUG,CANECA,TASSE,TASSE,TAZZA
608,OBJETOS_MUEBLES,2,TENDEDERO,CLOTHESLINE,VARAL,WÄSCHELEINE,CORDE À LINGE,STENDINO
609,OBJETOS_MUEBLES,1,TENEDOR,FORK,GARFO,GABEL,FOURCHETTE,FORCHETTA
610,OBJETOS_MUEBLES,1,TERMO,THERMOS,GARRAFA TERMICA,THERMOSKANNE,THERMOS,THERMOS
611,OBJETOS_MUEBLES,1,TIJERA,SCISSORS,TESOURA,SCHERE,CISEAUX,FORBICI
612,OBJETOS_MUEBLES,2,TOALLA,TOWEL,TOALHA,HANDTUCH,SERVIETTE,ASCIUGAMANO
613,OBJETOS_MUEBLES,2,TOSTADORA,TOASTER,TORRADEIRA,TOASTER,GRILLE-PAIN,TOSTAPANE
614,OBJETOS_MUEBLES,1,VASO,GLASS,COPO,BECHER,VERRE,BICCHIERE
615,OBJETOS_MUEBLES,1,VELA,CANDLE,VELA,KERZE,BOUGIE,CANDELA
616,OBJETOS_MUEBLES,1,VENTANA,WINDOW,JANELA,FENSTER,FENÊTRE,FINESTRA
617,OBJETOS_MUEBLES,1,VENTILADOR,FAN,VENTILADOR,VENTILATOR,VENTILATEUR,VENTILATORE
618,PAPELERIA_OFICINA,1,BANDERA,FLAG,BANDEIRA,FAHNE,DRAPEAU,BANDIERA
619,PAPELERIA_OFICINA,1,BORRADOR,ERASER,BORRACHA,RADIERGUMMI,GOMME,GOMMA
620,PAPELERIA_OFICINA,1,CALCULADORA,CALCULATOR,CALCULADORA,TASCHENRECHNER,CALCULATRICE,CALCOLATRICE
621,PAPELERIA_OFICINA,2,CARPETA,FOLDER,PASTA,ORDNER,CHEMISE,CARTELLA
622,PAPELERIA_OFICINA,2,CLIPS,PAPER CLIPS,CLIPES,BÜROKLAMMERN,TROMBONES,GRAFFETTE
623,PAPELERIA_OFICINA,1,CUADERNO,NOTEBOOK,CADERNO,NOTIZBUCH,CAHIER,QUADERNO
624,PAPELERIA_OFICINA,2,ESTAMPILLA,STAMP,SELO,BRIEFMARKE,TIMBRE,FRANCOBOLLO
625,PAPELERIA_OFICINA,1,GLOBO TERRAQUEO,GLOBE,GLOBO TERRESTRE,GLOBUS,GLOBE,MAPPAMONDO
626,PAPELERIA_OFICINA,1,GRAPADORA,STAPLER,GRAMPEADOR,HEFTGERÄT,AGRAFEUSE,CUCITRICE
627,PAPELERIA_OFICINA,1,LAPICERA,PEN,CANETA,KUGELSCHREIBER,STYLO,PENNA
628,PAPELERIA_OFICINA,1,LAPIZ,PENCIL,LAPIS,BLEISTIFT,CRAYON,MATITA
629,PAPELERIA_OFICINA,1,LIBRO,BOOK,LIVRO,BUCH,LIVRE,LIBRO
630,PAPELERIA_OFICINA,2,MAPA,MAP,MAPA,LANDKARTE,CARTE,MAPPA
631,PAPELERIA_OFICINA,1,MARCADOR,MARKER,MARCADOR,MARKER,MARQUEUR,PENNARELLO
632,PAPELERIA_OFICINA,1,PEGAMENTO,GLUE,COLA,KLEBER,COLLE,COLLA
633,PAPELERIA_OFICINA,1,REGLA,RULER,REGUA,LINEAL,RÈGLE,RIGHELLO
634,PAPELERIA_OFICINA,2,RESALTADOR,HIGHLIGHTER,MARCA TEXTO,TEXTMARKER,SURLIGNEUR,EVIDENZIATORE
635,PAPELERIA_OFICINA,1,SACAPUNTAS,PENCIL SHARPENER,APONTADOR,SPITZER,TAILLE-CRAYON,TEMPERAMATITE
636,PAPELERIA_OFICINA,2,SOBRE,ENVELOPE,ENVELOPE,UMSCHLAG,ENVELOPPE,BUSTA
637,PLANTAS,1,ABETO,FIR TREE,ABETO,TANNE,SAPIN,ABETE
638,PLANTAS,2,ALGA,SEAWEED,ALGA,ALGE,ALGUE,ALGA
639,PLANTAS,1,ALOE,ALOE,BABOSA,ALOE,ALOÈS,ALOE
640,PLANTAS,1,ARBOL,TREE,ARVORE,BAUM,ARBRE,ALBERO
641,PLANTAS,2,ARBUSTO,BUSH,ARBUSTO,BUSCH,BUISSON,CESPUGLIO
642,PLANTAS,2,ARROZ,RICE,ARROZ,REIS,RIZ,RISO
643,PLANTAS,1,BAMBU,BAMBOO,BAMBU,BAMBUS,BAMBOU,BAMBÙ
644,PLANTAS,2,BELLOTA,ACORN,BOLOTA,EICHEL,GLAND,GHIANDA
645,PLANTAS,1,BONSAI,BONSAI,BONSAI,BONSAI,BONSAÏ,BONSAI
646,PLANTAS,2,BROTE,SPROUT,BROTO,SPROSS,POUSSE,GERMOGLIO
647,PLANTAS,1,CACTUS,CACTUS,CACTO,KAKTUS,CACTUS,CACTUS
648,PLANTAS,2,CEDRO,CEDAR,CEDRO,ZEDER,CÈDRE,CEDRO
649,PLANTAS,1,CLAVEL,CARNATION,CRAVO,NELKE,ŒILLET,GAROFANO
650,PLANTAS,1,DIENTE DE LEON,DANDELION,DENTE DE LEAO,LÖWENZAHN,PISSENLIT,DENTE DI LEONE
651,PLANTAS,2,ENREDADERA,VINE,TREPADEIRA,KLETTERPFLANZE,LIANE,RAMPICANTE
652,PLANTAS,2,ESPIGA,WHEAT EAR,ESPIGA,ÄHRE,ÉPI,SPIGA
653,PLANTAS,2,EUCALIPTO,EUCALYPTUS,EUCALIPTO,EUKALYPTUS,EUCALYPTUS,EUCALIPTO
654,PLANTAS,1,FLOR,FLOWER,FLOR,BLUME,FLEUR,FIORE
655,PLANTAS,2,GERANIO,GERANIUM,GERANIO,GERANIE,GÉRANIUM,GERANIO
656,PLANTAS,1,GIRASOL,SUNFLOWER,GIRASSOL,SONNENBLUME,TOURNESOL,GIRASOLE
657,PLANTAS,2,HELECHO,FERN,SAMAMBAIA,FARN,FOUGÈRE,FELCE
658,PLANTAS,1,HOJA,LEAF,FOLHA,BLATT,FEUILLE,FOGLIA
659,PLANTAS,1,HONGO,MUSHROOM,COGUMELO,PILZ,CHAMPIGNON,FUNGO
660,PLANTAS,2,JAZMIN,JASMINE,JASMIM,JASMIN,JASMIN,GELSOMINO
661,PLANTAS,2,JUNCO,REED,JUNCO,BINSE,JONC,GIUNCO
662,PLANTAS,2,LAVANDA,LAVENDER,LAVANDA,LAVENDEL,LAVANDE,LAVANDA
663,PLANTAS,2,LOTO,LOTUS,LOTUS,LOTUS,LOTUS,LOTO
664,PLANTAS,1,MAIZ,CORN,MILHO,MAIS,MAÏS,MAIS
665,PLANTAS,2,MALEZA,WEED,ERVA DANINHA,UNKRAUT,MAUVAISE HERBE,ERBACCIA
666,PLANTAS,1,MANZANO,APPLE TREE,MACIEIRA,APFELBAUM,POMMIER,MELO
667,PLANTAS,2,MARGARITA,DAISY,MARGARIDA,GÄNSEBLÜMCHEN,MARGUERITE,MARGHERITA
668,PLANTAS,2,MUSGO,MOSS,MUSGO,MOOS,MOUSSE,MUSCHIO
669,PLANTAS,1,NARANJO,ORANGE TREE,LARANJEIRA,ORANGENBAUM,ORANGER,ARANCIO
670,PLANTAS,2,NENUFAR,WATER LILY,VITORIA REGIA,SEEROSE,NÉNUPHAR,NINFEA
671,PLANTAS,2,OLIVO,OLIVE TREE,OLIVEIRA,OLIVENBAUM,OLIVIER,ULIVO
672,PLANTAS,2,ORQUIDEA,ORCHID,ORQUIDEA,ORCHIDEE,ORCHIDÉE,ORCHIDEA
673,PLANTAS,2,ORTIGA,NETTLE,URTIGA,BRENNNESSEL,ORTIE,ORTICA
674,PLANTAS,1,PALMA,PALM,PALMA,PALME,PALME,PALMA
675,PLANTAS,1,PALMERA,PALM TREE,PALMEIRA,PALME,PALMIER,PALMA
676,PLANTAS,3,PAPIRO,PAPYRUS,PAPIRO,PAPYRUS,PAPYRUS,PAPIRO
677,PLANTAS,1,PASTO,GRASS,GRAMA,GRAS,HERBE,ERBA
678,PLANTAS,1,PINA,PINEAPPLE,ABACAXI,ANANAS,ANANAS,ANANAS
679,PLANTAS,1,PINO,PINE,PINHEIRO,KIEFER,PIN,PINO
680,PLANTAS,2,RAIZ,ROOT,RAIZ,WURZEL,RACINE,RADICE
681,PLANTAS,1,RAMA,BRANCH,GALHO,ZWEIG,BRANCHE,RAMO
682,PLANTAS,2,ROBLE,OAK,CARVALHO,EICHE,CHÊNE,QUERCIA
683,PLANTAS,1,ROSA,ROSE,ROSA,ROSE,ROSE,ROSA
684,PLANTAS,2,SAUCE,WILLOW,SALGUEIRO,WEIDE,SAULE,SALICE
685,PLANTAS,2,SECOYA,SEQUOIA,SEQUOIA,MAMMUTBAUM,SÉQUOIA,SEQUOIA
686,PLANTAS,1,SEMILLA,SEED,SEMENTE,SAMEN,GRAINE,SEME
687,PLANTAS,2,SETA,MUSHROOM,COGUMELO,PILZ,CHAMPIGNON,FUNGO
688,PLANTAS,1,TREBOL,CLOVER,TREVO,KLEE,TRÈFLE,TRIFOGLIO
689,PLANTAS,2,TRIGO,WHEAT,TRIGO,WEIZEN,BLÉ,GRANO
690,PLANTAS,1,TRONCO,TRUNK,TRONCO,STAMM,TRONC,TRONCO
691,PLANTAS,1,TULIPAN,TULIP,TULIPA,TULPE,TULIPE,TULIPANO
692,PLANTAS,2,VID,GRAPEVINE,VIDEIRA,WEINREBE,VIGNE,VITE
693,PROFESIONES_SIMBOLO,1,ANCLA,ANCHOR,ANCORA,ANKER,ANCRE,ANCORA
694,PROFESIONES_SIMBOLO,1,BALANZA,SCALES,BALANCA,WAAGE,BALANCE,BILANCIA
695,PROFESIONES_SIMBOLO,2,BATUTA,BATON,BATUTA,TAKTSTOCK,BAGUETTE,BACCHETTA
696,PROFESIONES_SIMBOLO,1,BOTIQUIN,FIRST AID KIT,KIT DE PRIMEIROS SOCORROS,ERSTE-HILFE-KASTEN,TROUSSE DE SECOURS,KIT DI PRONTO SOCCORSO
697,PROFESIONES_SIMBOLO,1,BRUJULA,COMPASS,BUSSOLA,KOMPASS,BOUSSOLE,BUSSOLA
698,PROFESIONES_SIMBOLO,1,CAMARA FOTOGRAFICA,PHOTO CAMERA,CAMERA FOTOGRAFICA,FOTOKAMERA,APPAREIL PHOTO,MACCHINA FOTOGRAFICA
699,PROFESIONES_SIMBOLO,1,CANA DE PESCAR,FISHING ROD,VARA DE PESCAR,ANGELRUTE,CANNE À PÊCHE,CANNA DA PESCA
700,PROFESIONES_SIMBOLO,1,CASCO DE ASTRONAUTA,ASTRONAUT HELMET,CAPACETE DE ASTRONAUTA,ASTRONAUTENHELM,CASQUE D'ASTRONAUTE,CASCO DA ASTRONAUTA
701,PROFESIONES_SIMBOLO,2,CASCO DE CONSTRUCCION,HARD HAT,CAPACETE DE OBRA,BAUHELM,CASQUE DE CHANTIER,CASCO DA CANTIERE
702,PROFESIONES_SIMBOLO,2,CASCO DE MINERO,MINER HELMET,CAPACETE DE MINEIRO,BERGMANNSHELM,CASQUE DE MINEUR,CASCO DA MINATORE
703,PROFESIONES_SIMBOLO,1,CLAQUETA,CLAPPERBOARD,CLAQUETE,FILMKLAPPE,CLAP DE CINÉMA,CIAK
704,PROFESIONES_SIMBOLO,1,ESTETOSCOPIO,STETHOSCOPE,ESTETOSCOPIO,STETHOSKOP,STÉTHOSCOPE,STETOSCOPIO
705,PROFESIONES_SIMBOLO,1,EXTINTOR,FIRE EXTINGUISHER,EXTINTOR,FEUERLÖSCHER,EXTINCTEUR,ESTINTORE
706,PROFESIONES_SIMBOLO,1,JERINGA,SYRINGE,SERINGA,SPRITZE,SERINGUE,SIRINGA
707,PROFESIONES_SIMBOLO,1,LUPA,MAGNIFYING GLASS,LUPA,LUPE,LOUPE,LENTE D'INGRANDIMENTO
708,PROFESIONES_SIMBOLO,2,MALETIN MEDICO,DOCTOR BAG,MALETA MEDICA,ARZTKOFFER,TROUSSE MÉDICALE,BORSA MEDICA
709,PROFESIONES_SIMBOLO,2,MARTILLO DE JUEZ,GAVEL,MARTELO DE JUIZ,RICHTERHAMMER,MARTEAU DE JUGE,MARTELLETTO
710,PROFESIONES_SIMBOLO,2,MARTILLO NEUMATICO,JACKHAMMER,MARTELETE,PRESSLUFTHAMMER,MARTEAU-PIQUEUR,MARTELLO PNEUMATICO
711,PROFESIONES_SIMBOLO,1,MICROFONO,MICROPHONE,MICROFONE,MIKROFON,MICROPHONE,MICROFONO
712,PROFESIONES_SIMBOLO,1,MICROSCOPIO,MICROSCOPE,MICROSCOPIO,MIKROSKOP,MICROSCOPE,MICROSCOPIO
713,PROFESIONES_SIMBOLO,2,PALETA DE PINTOR,PAINT PALETTE,PALETA DE PINTOR,MALPALETTE,PALETTE DE PEINTRE,TAVOLOZZA
714,PROFESIONES_SIMBOLO,2,RED DE PESCA,FISHING NET,REDE DE PESCA,FISCHERNETZ,FILET DE PÊCHE,RETE DA PESCA
715,PROFESIONES_SIMBOLO,1,SILBATO,WHISTLE,APITO,PFEIFE,SIFFLET,FISCHIETTO
716,PROFESIONES_SIMBOLO,2,SOMBRERO DE CHEF,CHEF HAT,CHAPEU DE CHEF,KOCHMÜTZE,TOQUE DE CHEF,CAPPELLO DA CUOCO
717,PROFESIONES_SIMBOLO,1,TELESCOPIO,TELESCOPE,TELESCOPIO,TELESKOP,TÉLESCOPE,TELESCOPIO
718,PROFESIONES_SIMBOLO,2,TIJERA DE PELUQUERO,BARBER SCISSORS,TESOURA DE CABELEIREIRO,FRISEURSCHERE,CISEAUX DE COIFFEUR,FORBICI DA PARRUCCHIERE
719,PROFESIONES_SIMBOLO,2,TIMON,SHIP WHEEL,TIMAO,STEUERRAD,BARRE À ROUE,TIMONE
720,PROFESIONES_SIMBOLO,2,TRAJE ESPACIAL,SPACESUIT,TRAJE ESPACIAL,RAUMANZUG,COMBINAISON SPATIALE,TUTA SPAZIALE
721,PROFESIONES_SIMBOLO,2,TRIPODE,TRIPOD,TRIPE,STATIV,TRÉPIED,TREPPIEDE
722,ROPA_ACCESORIOS,1,ABRIGO,COAT,CASACO,MANTEL,MANTEAU,CAPPOTTO
723,ROPA_ACCESORIOS,1,ANILLO,RING,ANEL,RING,BAGUE,ANELLO
724,ROPA_ACCESORIOS,1,ANTIFAZ,EYE MASK,MASCARA DE OLHOS,AUGENMASKE,LOUP,MASCHERINA
725,ROPA_ACCESORIOS,2,ARETE,EARRING,BRINCO,OHRRING,BOUCLE D'OREILLE,ORECCHINO
726,ROPA_ACCESORIOS,2,BOINA,BERET,BOINA,BARETT,BÉRET,BASCO
727,ROPA_ACCESORIOS,1,BOTA,BOOT,BOTA,STIEFEL,BOTTE,STIVALE
728,ROPA_ACCESORIOS,1,BOTAS DE LLUVIA,RAIN BOOTS,GALOCHA,GUMMISTIEFEL,BOTTES DE PLUIE,STIVALI DA PIOGGIA
729,ROPA_ACCESORIOS,1,BUFANDA,SCARF,CACHECOL,SCHAL,ÉCHARPE,SCIARPA
730,ROPA_ACCESORIOS,2,CALCETINES,SOCKS,MEIAS,SOCKEN,CHAUSSETTES,CALZINI
731,ROPA_ACCESORIOS,1,CAMISA,SHIRT,CAMISA,HEMD,CHEMISE,CAMICIA
732,ROPA_ACCESORIOS,1,CAMPERA,JACKET,JAQUETA,JACKE,VESTE,GIACCA
733,ROPA_ACCESORIOS,1,CAPA,CAPE,CAPA,UMHANG,CAPE,MANTELLO
734,ROPA_ACCESORIOS,1,CASCO,HELMET,CAPACETE,HELM,CASQUE,CASCO
735,ROPA_ACCESORIOS,2,CHALECO,VEST,COLETE,WESTE,GILET,GILET
736,ROPA_ACCESORIOS,1,CINTURON,BELT,CINTO,GÜRTEL,CEINTURE,CINTURA
737,ROPA_ACCESORIOS,1,COLLAR,NECKLACE,COLAR,HALSKETTE,COLLIER,COLLANA
738,ROPA_ACCESORIOS,1,CORBATA,TIE,GRAVATA,KRAWATTE,CRAVATE,CRAVATTA
739,ROPA_ACCESORIOS,1,CORONA,CROWN,COROA,KRONE,COURONNE,CORONA
740,ROPA_ACCESORIOS,1,DELANTAL,APRON,AVENTAL,SCHÜRZE,TABLIER,GREMBIULE
741,ROPA_ACCESORIOS,1,FALDA,SKIRT,SAIA,ROCK,JUPE,GONNA
742,ROPA_ACCESORIOS,1,GAFAS DE SOL,SUNGLASSES,OCULOS DE SOL,SONNENBRILLE,LUNETTES DE SOLEIL,OCCHIALI DA SOLE
743,ROPA_ACCESORIOS,1,GORRA,CAP,BONE,MÜTZE,CASQUETTE,BERRETTO
744,ROPA_ACCESORIOS,1,GORRO DE BANO,SHOWER CAP,TOUCA DE BANHO,BADEKAPPE,BONNET DE BAIN,CUFFIA
745,ROPA_ACCESORIOS,1,GORRO DE LANA,BEANIE,GORRO DE LA,WOLLMÜTZE,BONNET,BERRETTO DI LANA
746,ROPA_ACCESORIOS,1,GUANTE,GLOVE,LUVA,HANDSCHUH,GANT,GUANTO
747,ROPA_ACCESORIOS,2,IMPERMEABLE,RAINCOAT,CAPA DE CHUVA,REGENMANTEL,IMPERMÉABLE,IMPERMEABILE
748,ROPA_ACCESORIOS,1,MASCARA,MASK,MASCARA,MASKE,MASQUE,MASCHERA
749,ROPA_ACCESORIOS,2,MEDIAS,STOCKINGS,MEIAS FINAS,STRUMPFHOSE,COLLANTS,CALZE
750,ROPA_ACCESORIOS,1,PANTALON,PANTS,CALCA,HOSE,PANTALON,PANTALONI
751,ROPA_ACCESORIOS,2,PANUELO,HANDKERCHIEF,LENCO,TASCHENTUCH,MOUCHOIR,FAZZOLETTO
752,ROPA_ACCESORIOS,2,PIJAMA,PAJAMAS,PIJAMA,SCHLAFANZUG,PYJAMA,PIGIAMA
753,ROPA_ACCESORIOS,1,PONCHO,PONCHO,PONCHO,PONCHO,PONCHO,PONCHO
754,ROPA_ACCESORIOS,1,PULSERA,BRACELET,PULSEIRA,ARMBAND,BRACELET,BRACCIALE
755,ROPA_ACCESORIOS,1,RELOJ DE PULSERA,WRISTWATCH,RELOGIO DE PULSO,ARMBANDUHR,MONTRE,OROLOGIO DA POLSO
756,ROPA_ACCESORIOS,2,SANDALIA,SANDAL,SANDALIA,SANDALE,SANDALE,SANDALO
757,ROPA_ACCESORIOS,2,SHORT,SHORTS,SHORTS,SHORTS,SHORT,PANTALONCINI
758,ROPA_ACCESORIOS,1,SOMBRERO,HAT,CHAPEU,HUT,CHAPEAU,CAPPELLO
759,ROPA_ACCESORIOS,2,TIRANTES,SUSPENDERS,SUSPENSORIOS,HOSENTRÄGER,BRETELLES,BRETELLE
760,ROPA_ACCESORIOS,2,TRAJE,SUIT,TERNO,ANZUG,COSTUME,COMPLETO
761,ROPA_ACCESORIOS,1,TRAJE DE BANO,SWIMSUIT,MAIO,BADEANZUG,MAILLOT DE BAIN,COSTUME DA BAGNO
762,ROPA_ACCESORIOS,2,UNIFORME,UNIFORM,UNIFORME,UNIFORM,UNIFORME,UNIFORME
763,ROPA_ACCESORIOS,1,VESTIDO,DRESS,VESTIDO,KLEID,ROBE,VESTITO
764,ROPA_ACCESORIOS,1,ZAPATILLA,SNEAKER,TENIS,TURNSCHUH,BASKET,SCARPA DA GINNASTICA
765,ROPA_ACCESORIOS,1,ZAPATO,SHOE,SAPATO,SCHUH,CHAUSSURE,SCARPA
766,TECNOLOGIA,1,ANTENA,ANTENNA,ANTENA,ANTENNE,ANTENNE,ANTENNA
767,TECNOLOGIA,1,AURICULARES,HEADPHONES,FONES DE OUVIDO,KOPFHÖRER,ÉCOUTEURS,CUFFIE
768,TECNOLOGIA,1,CABLE,CABLE,CABO,KABEL,CÂBLE,CAVO
769,TECNOLOGIA,1,CAJERO AUTOMATICO,ATM,CAIXA ELETRONICO,GELDAUTOMAT,DISTRIBUTEUR,BANCOMAT
770,TECNOLOGIA,1,CAMARA,CAMERA,CAMERA,KAMERA,CAMÉRA,TELECAMERA
771,TECNOLOGIA,1,CAMARA DE SEGURIDAD,SECURITY CAMERA,CAMERA DE SEGURANCA,ÜBERWACHUNGSKAMERA,CAMÉRA DE SURVEILLANCE,TELECAMERA DI SICUREZZA
772,TECNOLOGIA,2,CARGADOR,CHARGER,CARREGADOR,LADEGERÄT,CHARGEUR,CARICABATTERIE
773,TECNOLOGIA,1,CASETE,CASSETTE,FITA CASSETE,KASSETTE,CASSETTE,CASSETTA
774,TECNOLOGIA,1,CELULAR,CELL PHONE,CELULAR,HANDY,PORTABLE,CELLULARE
775,TECNOLOGIA,1,COMPUTADORA,COMPUTER,COMPUTADOR,COMPUTER,ORDINATEUR,COMPUTER
776,TECNOLOGIA,2,CONSOLA,CONSOLE,CONSOLE,KONSOLE,CONSOLE,CONSOLE
777,TECNOLOGIA,1,CONTROL REMOTO,REMOTE CONTROL,CONTROLE REMOTO,FERNBEDIENUNG,TÉLÉCOMMANDE,TELECOMANDO
778,TECNOLOGIA,1,DISCO COMPACTO,COMPACT DISC,CD,CD,CD,CD
779,TECNOLOGIA,2,DISCO DURO,HARD DRIVE,DISCO RIGIDO,FESTPLATTE,DISQUE DUR,DISCO RIGIDO
780,TECNOLOGIA,1,DRON,DRONE,DRONE,DROHNE,DRONE,DRONE
781,TECNOLOGIA,1,ENCHUFE,PLUG,TOMADA,STECKER,PRISE,SPINA
782,TECNOLOGIA,2,GPS,GPS,GPS,GPS,GPS,GPS
783,TECNOLOGIA,1,IMPRESORA,PRINTER,IMPRESSORA,DRUCKER,IMPRIMANTE,STAMPANTE
784,TECNOLOGIA,2,JOYSTICK,JOYSTICK,JOYSTICK,JOYSTICK,JOYSTICK,JOYSTICK
785,TECNOLOGIA,1,LAPTOP,LAPTOP,NOTEBOOK,LAPTOP,ORDINATEUR PORTABLE,LAPTOP
786,TECNOLOGIA,1,LINTERNA,FLASHLIGHT,LANTERNA,TASCHENLAMPE,LAMPE DE POCHE,TORCIA
787,TECNOLOGIA,2,MEMORIA USB,USB DRIVE,PEN DRIVE,USB-STICK,CLÉ USB,CHIAVETTA USB
788,TECNOLOGIA,2,MODEM,MODEM,MODEM,MODEM,MODEM,MODEM
789,TECNOLOGIA,1,MOUSE,MOUSE,MOUSE,MAUS,SOURIS,MOUSE
790,TECNOLOGIA,1,PANTALLA,SCREEN,TELA,BILDSCHIRM,ÉCRAN,SCHERMO
791,TECNOLOGIA,1,PARLANTE,SPEAKER,CAIXA DE SOM,LAUTSPRECHER,HAUT-PARLEUR,ALTOPARLANTE
792,TECNOLOGIA,1,PILA,BATTERY,PILHA,BATTERIE,PILE,PILA
793,TECNOLOGIA,1,PROYECTOR,PROJECTOR,PROJETOR,BEAMER,PROJECTEUR,PROIETTORE
794,TECNOLOGIA,1,RADIO,RADIO,RADIO,RADIO,RADIO,RADIO
795,TECNOLOGIA,1,ROBOT,ROBOT,ROBO,ROBOTER,ROBOT,ROBOT
796,TECNOLOGIA,2,ROUTER,ROUTER,ROTEADOR,ROUTER,ROUTEUR,ROUTER
797,TECNOLOGIA,1,SATELITE,SATELLITE,SATELITE,SATELLIT,SATELLITE,SATELLITE
798,TECNOLOGIA,1,SEMAFORO,TRAFFIC LIGHT,SEMAFORO,AMPEL,FEU DE CIRCULATION,SEMAFORO
799,TECNOLOGIA,1,TABLET,TABLET,TABLET,TABLET,TABLETTE,TABLET
800,TECNOLOGIA,1,TECLADO,KEYBOARD,TECLADO,TASTATUR,CLAVIER,TASTIERA
801,TECNOLOGIA,1,TELEFONO,TELEPHONE,TELEFONE,TELEFON,TÉLÉPHONE,TELEFONO
802,TECNOLOGIA,1,TELEVISOR,TELEVISION,TELEVISAO,FERNSEHER,TÉLÉVISION,TELEVISORE
803,TECNOLOGIA,1,TOCADISCOS,RECORD PLAYER,TOCA DISCOS,PLATTENSPIELER,TOURNE-DISQUE,GIRADISCHI
804,TECNOLOGIA,1,VINILO,VINYL RECORD,DISCO DE VINIL,SCHALLPLATTE,DISQUE VINYLE,DISCO IN VINILE
805,TECNOLOGIA,1,WALKIE TALKIE,WALKIE TALKIE,WALKIE TALKIE,WALKIE-TALKIE,TALKIE-WALKIE,WALKIE TALKIE
806,VEHICULOS,2,AMBULANCIA,AMBULANCE,AMBULANCIA,KRANKENWAGEN,AMBULANCE,AMBULANZA
807,VEHICULOS,2,APLANADORA,STEAMROLLER,ROLO COMPRESSOR,DAMPFWALZE,ROULEAU COMPRESSEUR,RULLO COMPRESSORE
808,VEHICULOS,1,AUTO,CAR,CARRO,AUTO,VOITURE,AUTO
809,VEHICULOS,1,AUTOBUS,BUS,ONIBUS,BUS,BUS,AUTOBUS
810,VEHICULOS,1,AVION,AIRPLANE,AVIAO,FLUGZEUG,AVION,AEREO
811,VEHICULOS,1,BARCO,SHIP,NAVIO,SCHIFF,BATEAU,NAVE
812,VEHICULOS,1,BICICLETA,BICYCLE,BICICLETA,FAHRRAD,VÉLO,BICICLETTA
813,VEHICULOS,1,CAMION,TRUCK,CAMINHAO,LASTWAGEN,CAMION,CAMION
814,VEHICULOS,1,CAMION DE BOMBEROS,FIRE TRUCK,CAMINHAO DE BOMBEIROS,FEUERWEHRAUTO,CAMION DE POMPIERS,CAMION DEI POMPIERI
815,VEHICULOS,2,CANOA,CANOE,CANOA,KANU,CANOË,CANOA
816,VEHICULOS,2,CARRETA,WAGON,CARROCA,KARREN,CHARRETTE,CARRETTO
817,VEHICULOS,2,CARRETILLA,WHEELBARROW,CARRINHO DE MAO,SCHUBKARRE,BROUETTE,CARRIOLA
818,VEHICULOS,2,CARRO DE GOLF,GOLF CART,CARRINHO DE GOLFE,GOLFWAGEN,VOITURETTE DE GOLF,GOLF CART
819,VEHICULOS,2,CARROZA,FLOAT,CARRO ALEGORICO,FESTWAGEN,CHAR,CARRO
820,VEHICULOS,2,CARRUAJE,CARRIAGE,CARRUAGEM,KUTSCHE,CARROSSE,CARROZZA
821,VEHICULOS,1,COHETE,ROCKET,FOGUETE,RAKETE,FUSÉE,RAZZO
822,VEHICULOS,2,CUATRICICLO,QUAD BIKE,QUADRICICLO,QUAD,QUAD,QUAD
823,VEHICULOS,1,EXCAVADORA,EXCAVATOR,ESCAVADEIRA,BAGGER,PELLETEUSE,ESCAVATORE
824,VEHICULOS,2,FERRY,FERRY,BALSA,FÄHRE,FERRY,TRAGHETTO
825,VEHICULOS,2,GLOBO AEROSTATICO,HOT AIR BALLOON,BALAO DE AR QUENTE,HEISSLUFTBALLON,MONTGOLFIÈRE,MONGOLFIERA
826,VEHICULOS,1,GRUA,CRANE,GUINDASTE,KRAN,GRUE,GRU
827,VEHICULOS,1,HELICOPTERO,HELICOPTER,HELICOPTERO,HUBSCHRAUBER,HÉLICOPTÈRE,ELICOTTERO
828,VEHICULOS,2,HIDROAVION,SEAPLANE,HIDROAVIAO,WASSERFLUGZEUG,HYDRAVION,IDROVOLANTE
829,VEHICULOS,1,JETSKI,JET SKI,JET SKI,JETSKI,JET-SKI,MOTO D'ACQUA
830,VEHICULOS,2,KAYAK,KAYAK,CAIAQUE,KAJAK,KAYAK,KAYAK
831,VEHICULOS,1,LANCHA,MOTORBOAT,LANCHA,MOTORBOOT,CANOT,MOTOSCAFO
832,VEHICULOS,1,MONOPATIN,SCOOTER,PATINETE,ROLLER,TROTTINETTE,MONOPATTINO
833,VEHICULOS,2,MONORRIEL,MONORAIL,MONOTRILHO,EINSCHIENENBAHN,MONORAIL,MONOROTAIA
834,VEHICULOS,2,MONTACARGAS,FORKLIFT,EMPILHADEIRA,GABELSTAPLER,CHARIOT ÉLÉVATEUR,MULETTO
835,VEHICULOS,1,MOTO,MOTORCYCLE,MOTO,MOTORRAD,MOTO,MOTO
836,VEHICULOS,2,MOTONIEVE,SNOWMOBILE,MOTO DE NEVE,SCHNEEMOBIL,MOTONEIGE,MOTOSLITTA
837,VEHICULOS,1,PATINETA,SKATEBOARD,SKATE,SKATEBOARD,SKATEBOARD,SKATEBOARD
838,VEHICULOS,2,PATRULLA,POLICE CAR,VIATURA,STREIFENWAGEN,VOITURE DE POLICE,AUTO DELLA POLIZIA
839,VEHICULOS,1,SUBMARINO,SUBMARINE,SUBMARINO,U-BOOT,SOUS-MARIN,SOTTOMARINO
840,VEHICULOS,1,TAXI,TAXI,TAXI,TAXI,TAXI,TAXI
841,VEHICULOS,2,TELEFERICO,CABLE CAR,TELEFERICO,SEILBAHN,TÉLÉPHÉRIQUE,FUNIVIA
842,VEHICULOS,1,TRACTOR,TRACTOR,TRATOR,TRAKTOR,TRACTEUR,TRATTORE
843,VEHICULOS,2,TRANSATLANTICO,OCEAN LINER,TRANSATLANTICO,OZEANDAMPFER,PAQUEBOT,TRANSATLANTICO
844,VEHICULOS,2,TRANVIA,TRAM,BONDE,STRASSENBAHN,TRAMWAY,TRAM
845,VEHICULOS,1,TREN,TRAIN,TREM,ZUG,TRAIN,TRENO
846,VEHICULOS,1,TRICICLO,TRICYCLE,TRICICLO,DREIRAD,TRICYCLE,TRICICLO
847,VEHICULOS,1,TRINEO,SLED,TRENO,SCHLITTEN,LUGE,SLITTA
848,VEHICULOS,2,VELERO,SAILBOAT,VELEIRO,SEGELBOOT,VOILIER,BARCA A VELA
849,VEHICULOS,1,YATE,YACHT,IATE,YACHT,YACHT,YACHT
850,VEHICULOS,2,ZEPPELIN,ZEPPELIN,ZEPELIM,ZEPPELIN,ZEPPELIN,ZEPPELIN
