Alien,Peliculas
Amadeus,Peliculas
Amélie,Peliculas
American Pie,Peliculas
Amores perros,Peliculas
Anastasia,Peliculas
Ant-Man,Peliculas
Apolo 13,Peliculas
Aquaman,Peliculas
Armageddon,Peliculas
Arma Mortal,Peliculas
Avengers,Peliculas
Bajo La Misma Estrella,Peliculas
Bambi,Peliculas
Barbie,Peliculas
Bastardos sin gloria,Peliculas
Batman,Peliculas
Beetlejuice,Peliculas
Belleza Americana,Peliculas
Ben-Hur,Peliculas
Bichos,Peliculas
Birdman,Peliculas
Blade Runner,Peliculas
Blancanieves,Peliculas
Bohemian Rhapsody,Peliculas
Buenos Muchachos,Peliculas
Buscando a Nemo,Peliculas
Búsqueda implacable,Peliculas
Cantando bajo la lluvia,Peliculas
Capitana Marvel,Peliculas
Capitán América,Peliculas
Caracortada,Peliculas
Carrie,Peliculas
Cars,Peliculas
Casablanca,Peliculas
Casino Royale,Peliculas
Casper,Peliculas
Chicago,Peliculas
Chicas Pesadas,Peliculas
Cincuenta Sombras de Grey,Peliculas
Cinema Paradiso,Peliculas
Ciudad de Dios,Peliculas
Click,Peliculas
Coco,Peliculas
Coraline,Peliculas
Corazón Valiente,Peliculas
Crepúsculo,Peliculas
Cruella,Peliculas
Destino Final,Peliculas
Diamante de Sangre,Peliculas
Diario de una pasión,Peliculas
Divergente,Peliculas
Django sin Cadenas,Peliculas
Doctor Strange,Peliculas
Donnie Darko,Peliculas
Drácula,Peliculas
Drive,Peliculas
Dumbo,Peliculas
Duna,Peliculas
Dunkerque,Peliculas
Duro de matar,Peliculas
El cisne negro,Peliculas
El Ciudadano Kane,Peliculas
El Código Da Vinci,Peliculas
El código enigma,Peliculas
El Conjuro,Peliculas
El Cuervo,Peliculas
El Discurso del Rey,Peliculas
Elementos,Peliculas
El Exorcista,Peliculas
Elf,Peliculas
El fugitivo,Peliculas
El Gran Dictador,Peliculas
El gran Gatsby,Peliculas
El Gran Hotel Budapest,Peliculas
El Gran Lebowski,Peliculas
El gran Showman,Peliculas
El Gran Truco,Peliculas
El Grinch,Peliculas
El Guardaespaldas,Peliculas
El hombre araña,Peliculas
El hombre de acero,Peliculas
El laberinto del fauno,Peliculas
El origen,Peliculas
El padrino,Peliculas
El Perfecto Asesino,Peliculas
El Pianista,Peliculas
El Quinto Elemento,Peliculas
El resplandor,Peliculas
El rey león,Peliculas
El Sexto Sentido,Peliculas
El Último Samurái,Peliculas
El viaje de Chihiro,Peliculas
Encanto,Peliculas
Enredados,Peliculas
Escuadrón Suicida,Peliculas
Escuela de Rock,Peliculas
Espartaco,Peliculas
E.T.,Peliculas
Exterminio,Peliculas
Fargo,Peliculas
Filadelfia,Peliculas
Forrest Gump,Peliculas
Fragmentado,Peliculas
Francotirador,Peliculas
Free Guy,Peliculas
Frozen,Peliculas
Furia de Titanes,Peliculas
Gandhi,Peliculas
Ghost,Peliculas
Gigantes de Acero,Peliculas
Gladiador,Peliculas
Golpes del Destino,Peliculas
Grandes Héroes,Peliculas
Gran Torino,Peliculas
Gravedad,Peliculas
Green Book,Peliculas
Guardianes de la galaxia,Peliculas
Guerra mundial Z,Peliculas
Halloween,Peliculas
Hancock,Peliculas
Happy Feet,Peliculas
Harry Potter,Peliculas
Hasta el Último Hombre,Peliculas
Hechizo del tiempo,Peliculas
Hércules,Peliculas
Historias Cruzadas,Peliculas
Hitch,Peliculas
Hombres de negro,Peliculas
Hotel Transylvania,Peliculas
Hulk,Peliculas
¡Huye!,Peliculas
Indiana Jones,Peliculas
Intensamente,Peliculas
Interestelar,Peliculas
Iron Man,Peliculas
It,Peliculas
John Wick,Peliculas
Jumanji,Peliculas
Karate Kid,Peliculas
Kill Bill,Peliculas
King Kong,Peliculas
Kingsman,Peliculas
Kung Fu Panda,Peliculas
La bella durmiente,Peliculas
La Cenicienta,Peliculas
La era de hielo,Peliculas
La forma del agua,Peliculas
La Gran Apuesta,Peliculas
La Máscara,Peliculas
La Momia,Peliculas
La sirenita,Peliculas
La Vida es Bella,Peliculas
Legalmente Rubia,Peliculas
Los Cazafantasmas,Peliculas
Los increíbles,Peliculas
Los Locos Addams,Peliculas
Madagascar,Peliculas
Mamma Mia!,Peliculas
Matilda,Peliculas
Matrix,Peliculas
Metrópolis,Peliculas
Mi pobre angelito,Peliculas
Misión imposible,Peliculas
Mi villano favorito,Peliculas
Moana,Peliculas
Monsters Inc.,Peliculas
Moulin Rouge,Peliculas
Mujer bonita,Peliculas
Mulán,Peliculas
No se Aceptan Devoluciones,Peliculas
Nosotros los nobles,Peliculas
Nueve reinas,Peliculas
Oppenheimer,Peliculas
Parque Jurásico,Peliculas
Pinocho,Peliculas
Piratas del Caribe,Peliculas
Pocahontas,Peliculas
Psicosis,Peliculas
Rambo,Peliculas
Rápido y furioso,Peliculas
Ratatouille,Peliculas
RoboCop,Peliculas
Rocky,Peliculas
Sangre por Sangre,Peliculas
Selena,Peliculas
Shrek,Peliculas
Sonic,Peliculas
Space Jam,Peliculas
Star Wars,Peliculas
Super Mario Bros.,Peliculas
Tarzán,Peliculas
Terminator,Peliculas
Tiburón,Peliculas
Titanic,Peliculas
Top Gun,Peliculas
Toy Story,Peliculas
Vaselina,Peliculas
Volver al Futuro,Peliculas
WALL-E,Peliculas
