Name,WordEs,WordEn,Category,Difficulty
1,ABEJA,BEE,ANIMALES,1
2,AGUILA,EAGLE,ANIMALES,1
3,ALCE,MOOSE,ANIMALES,2
4,ALMEJA,CLAM,ANIMALES,2
5,ALPACA,ALPACA,ANIMALES,3
6,ANGUILA,EEL,ANIMALES,2
7,ARANA,SPIDER,ANIMALES,1
8,ARDILLA,SQUIRREL,ANIMALES,2
9,ARMADILLO,ARMADILLO,ANIMALES,3
10,ATUN,TUNA,ANIMALES,2
11,AVESTRUZ,OSTRICH,ANIMALES,1
12,AVISPA,WASP,ANIMALES,2
13,BACALAO,COD,ANIMALES,3
14,BALLENA,WHALE,ANIMALES,1
15,BUHO,OWL,ANIMALES,1
16,BUITRE,VULTURE,ANIMALES,2
17,CABALLITO DE MAR,SEAHORSE,ANIMALES,1
18,CABALLO,HORSE,ANIMALES,1
19,CABRA,GOAT,ANIMALES,2
20,CAIMAN,ALLIGATOR,ANIMALES,2
21,CALAMAR,SQUID,ANIMALES,2
22,CAMALEON,CHAMELEON,ANIMALES,1
23,CAMARON,SHRIMP,ANIMALES,2
24,CAMELLO,CAMEL,ANIMALES,2
25,CANARIO,CANARY,ANIMALES,2
26,CANGREJO,CRAB,ANIMALES,1
27,CANGURO,KANGAROO,ANIMALES,1
28,CARACOL,SNAIL,ANIMALES,1
29,CASTOR,BEAVER,ANIMALES,2
30,CEBRA,ZEBRA,ANIMALES,2
31,CERDO,PIG,ANIMALES,1
32,CHACAL,JACKAL,ANIMALES,3
33,CHIMPANCE,CHIMPANZEE,ANIMALES,3
34,CHINCHE,BEDBUG,ANIMALES,3
35,CIEMPIES,CENTIPEDE,ANIMALES,2
36,CIERVO,DEER,ANIMALES,2
37,CIGARRA,CICADA,ANIMALES,3
38,CIGUENA,STORK,ANIMALES,2
39,CISNE,SWAN,ANIMALES,1
40,COBRA,COBRA,ANIMALES,2
41,COCODRILO,CROCODILE,ANIMALES,1
42,CODORNIZ,QUAIL,ANIMALES,3
43,COLIBRI,HUMMINGBIRD,ANIMALES,2
44,CONDOR,CONDOR,ANIMALES,2
45,CONEJO,RABBIT,ANIMALES,1
46,CUCARACHA,COCKROACH,ANIMALES,2
47,CUERVO,CROW,ANIMALES,2
48,DELFIN,DOLPHIN,ANIMALES,1
49,ELEFANTE,ELEPHANT,ANIMALES,1
50,EMU,EMU,ANIMALES,3
51,ERIZO,HEDGEHOG,ANIMALES,2
52,ERIZO DE MAR,SEA URCHIN,ANIMALES,2
53,ESCARABAJO,BEETLE,ANIMALES,2
54,ESCORPION,SCORPION,ANIMALES,2
55,ESTRELLA DE MAR,STARFISH,ANIMALES,1
56,FAISAN,PHEASANT,ANIMALES,3
57,FLAMENCO,FLAMINGO,ANIMALES,1
58,FOCA,SEAL,ANIMALES,1
59,GALLINA,HEN,ANIMALES,1
60,GALLO,ROOSTER,ANIMALES,1
61,GANSO,GOOSE,ANIMALES,2
62,GARRAPATA,TICK,ANIMALES,3
63,GATO,CAT,ANIMALES,1
64,GATO MONTES,WILDCAT,ANIMALES,3
65,GAVILAN,SPARROWHAWK,ANIMALES,3
66,GAVIOTA,SEAGULL,ANIMALES,1
67,GORILA,GORILLA,ANIMALES,2
68,GORRION,SPARROW,ANIMALES,2
69,GRILLO,CRICKET,ANIMALES,2
70,GUACAMAYO,MACAW,ANIMALES,2
71,GUEPARDO,CHEETAH,ANIMALES,2
72,HALCON,FALCON,ANIMALES,2
73,HIENA,HYENA,ANIMALES,2
74,HIPOPOTAMO,HIPPO,ANIMALES,2
75,HORMIGA,ANT,ANIMALES,1
76,IGUANA,IGUANA,ANIMALES,2
77,JAGUAR,JAGUAR,ANIMALES,2
78,JIRAFA,GIRAFFE,ANIMALES,1
79,KIWI,KIWI,ANIMALES,2
80,KOALA,KOALA,ANIMALES,1
81,LAGARTO,LIZARD,ANIMALES,2
82,LANGOSTA,LOBSTER,ANIMALES,2
83,LECHUZA,BARN OWL,ANIMALES,2
84,LEON,LION,ANIMALES,1
85,LEON MARINO,SEA LION,ANIMALES,2
86,LEOPARDO,LEOPARD,ANIMALES,2
87,LIBELULA,DRAGONFLY,ANIMALES,2
88,LINCE,LYNX,ANIMALES,3
89,LLAMA,LLAMA,ANIMALES,2
90,LOBO,WOLF,ANIMALES,2
91,LOBO MARINO,FUR SEAL,ANIMALES,2
92,LORO,PARROT,ANIMALES,1
93,LUCIERNAGA,FIREFLY,ANIMALES,2
94,MANATI,MANATEE,ANIMALES,3
95,MAPACHE,RACCOON,ANIMALES,2
96,MARIPOSA,BUTTERFLY,ANIMALES,1
97,MARIQUITA,LADYBUG,ANIMALES,2
98,MEDUSA,JELLYFISH,ANIMALES,2
99,MEJILLON,MUSSEL,ANIMALES,3
100,MILPIES,MILLIPEDE,ANIMALES,3
101,MOFETA,SKUNK,ANIMALES,3
102,MONO,MONKEY,ANIMALES,1
103,MORSA,WALRUS,ANIMALES,2
104,MOSCA,FLY,ANIMALES,1
105,MOSQUITO,MOSQUITO,ANIMALES,2
106,MURCIELAGO,BAT,ANIMALES,2
107,NARVAL,NARWHAL,ANIMALES,3
108,NUTRIA,OTTER,ANIMALES,2
109,ORCA,ORCA,ANIMALES,2
110,OSO,BEAR,ANIMALES,1
111,OSO HORMIGUERO,ANTEATER,ANIMALES,3
112,OSO POLAR,POLAR BEAR,ANIMALES,1
113,OSTRA,OYSTER,ANIMALES,2
114,OVEJA,SHEEP,ANIMALES,1
115,PALOMA,PIGEON,ANIMALES,1
116,PANDA,PANDA,ANIMALES,1
117,PATO,DUCK,ANIMALES,1
118,PAVO,TURKEY,ANIMALES,2
119,PAVO REAL,PEACOCK,ANIMALES,1
120,PELICANO,PELICAN,ANIMALES,2
121,PEREZOSO,SLOTH,ANIMALES,2
122,PERICO,PARAKEET,ANIMALES,2
123,PERIQUITO,BUDGIE,ANIMALES,2
124,PERRO,DOG,ANIMALES,1
125,PERRO SALCHICHA,DACHSHUND,ANIMALES,1
126,PEZ,FISH,ANIMALES,1
127,PEZ ESPADA,SWORDFISH,ANIMALES,2
128,PEZ GLOBO,PUFFERFISH,ANIMALES,1
129,PEZ PAYASO,CLOWNFISH,ANIMALES,1
130,PINGUINO,PENGUIN,ANIMALES,1
131,PIRANIA,PIRANHA,ANIMALES,2
132,POLILLA,MOTH,ANIMALES,2
133,PULGA,FLEA,ANIMALES,2
134,PULPO,OCTOPUS,ANIMALES,1
135,PUMA,COUGAR,ANIMALES,2
136,RANA,FROG,ANIMALES,1
137,RATA,RAT,ANIMALES,2
138,RATON,MOUSE,ANIMALES,1
139,RAYA,STINGRAY,ANIMALES,2
140,RENO,REINDEER,ANIMALES,2
141,RINOCERONTE,RHINO,ANIMALES,2
142,SALAMANDRA,SALAMANDER,ANIMALES,3
143,SALMON,SALMON,ANIMALES,2
144,SALTAMONTES,GRASSHOPPER,ANIMALES,2
145,SAPO,TOAD,ANIMALES,1
146,SERPIENTE,SNAKE,ANIMALES,1
147,TIBURON,SHARK,ANIMALES,1
148,TIBURON MARTILLO,HAMMERHEAD SHARK,ANIMALES,2
149,TIGRE,TIGER,ANIMALES,2
150,TOPO,MOLE,ANIMALES,2
151,TORO,BULL,ANIMALES,2
152,TORTUGA,TURTLE,ANIMALES,1
153,TRUCHA,TROUT,ANIMALES,2
154,TUCAN,TOUCAN,ANIMALES,1
155,VACA,COW,ANIMALES,1
156,VIBORA,VIPER,ANIMALES,2
157,ZORRO,FOX,ANIMALES,2
158,ACEITE,OIL,COMIDA,2
159,AJO,GARLIC,COMIDA,1
160,ALMENDRA,ALMOND,COMIDA,1
161,ASADO,BARBECUE,COMIDA,2
162,AZUCAR,SUGAR,COMIDA,2
163,BANANA,BANANA,COMIDA,1
164,BERENJENA,EGGPLANT,COMIDA,2
165,BROCOLI,BROCCOLI,COMIDA,1
166,BURRITO,BURRITO,COMIDA,1
167,CAFE,COFFEE,COMIDA,1
168,CALABAZA,PUMPKIN,COMIDA,1
169,CARAMELO,CANDY,COMIDA,1
170,CASTANA,CHESTNUT,COMIDA,2
171,CEBOLLA,ONION,COMIDA,1
172,CEREZA,CHERRY,COMIDA,1
173,CERVEZA,BEER,COMIDA,1
174,CHOCLO,CORN COB,COMIDA,2
175,CHOCOLATE,CHOCOLATE,COMIDA,2
176,CHORIZO,SAUSAGE,COMIDA,1
177,COCO,COCONUT,COMIDA,1
178,CROISSANT,CROISSANT,COMIDA,2
179,DONA,DONUT,COMIDA,1
180,DURAZNO,PEACH,COMIDA,1
181,EMPANADA,EMPANADA,COMIDA,1
182,ENSALADA,SALAD,COMIDA,2
183,FIDEOS,NOODLES,COMIDA,2
184,FRESA,STRAWBERRY,COMIDA,1
185,GALLETA,COOKIE,COMIDA,1
186,GUACAMOLE,GUACAMOLE,COMIDA,2
187,HAMBURGUESA,BURGER,COMIDA,1
188,HELADO,ICE CREAM,COMIDA,1
189,HUEVO,EGG,COMIDA,1
190,HUMMUS,HUMMUS,COMIDA,3
191,JAMON,HAM,COMIDA,2
192,JUGO,JUICE,COMIDA,2
193,KETCHUP,KETCHUP,COMIDA,1
194,LASANA,LASAGNA,COMIDA,2
195,LECHE,MILK,COMIDA,2
196,LECHUGA,LETTUCE,COMIDA,1
197,LIMON,LEMON,COMIDA,1
198,MANGO,MANGO,COMIDA,1
199,MANI,PEANUT,COMIDA,1
200,MANTEQUILLA,BUTTER,COMIDA,2
201,MANZANA,APPLE,COMIDA,1
202,MATE,MATE,COMIDA,1
203,MAYONESA,MAYONNAISE,COMIDA,2
204,MELON,MELON,COMIDA,1
205,MERMELADA,JAM,COMIDA,2
206,MIEL,HONEY,COMIDA,1
207,MILANESA,SCHNITZEL,COMIDA,2
208,MOSTAZA,MUSTARD,COMIDA,2
209,NACHOS,NACHOS,COMIDA,1
210,NARANJA,ORANGE,COMIDA,1
211,NUEZ,WALNUT,COMIDA,1
212,PALOMITAS DE MAIZ,POPCORN,COMIDA,2
213,PALTA,AVOCADO,COMIDA,1
214,PAN,BREAD,COMIDA,1
215,PANQUEQUE,PANCAKE,COMIDA,1
216,PAPA,POTATO,COMIDA,1
217,PASTA,PASTA,COMIDA,1
218,PASTEL,PIE,COMIDA,1
219,PEPINO,CUCUMBER,COMIDA,1
220,PERA,PEAR,COMIDA,1
221,PIMIENTA,PEPPER,COMIDA,2
222,PIMIENTO,BELL PEPPER,COMIDA,2
223,PISTACHO,PISTACHIO,COMIDA,2
224,PIZZA,PIZZA,COMIDA,1
225,PRETZEL,PRETZEL,COMIDA,2
226,QUESADILLA,QUESADILLA,COMIDA,2
227,QUESO,CHEESE,COMIDA,1
228,RAMEN,RAMEN,COMIDA,2
229,SAL,SALT,COMIDA,1
230,SALCHICHA,HOT DOG,COMIDA,1
231,SANDIA,WATERMELON,COMIDA,1
232,SANDWICH,SANDWICH,COMIDA,2
233,SOPA,SOUP,COMIDA,2
234,SUSHI,SUSHI,COMIDA,1
235,TACO,TACO,COMIDA,1
236,TE,TEA,COMIDA,2
237,TOMATE,TOMATO,COMIDA,1
238,TORTA,CAKE,COMIDA,1
239,UVA,GRAPE,COMIDA,1
240,VINAGRE,VINEGAR,COMIDA,2
241,VINO,WINE,COMIDA,1
242,WAFFLE,WAFFLE,COMIDA,1
243,YOGUR,YOGURT,COMIDA,2
244,ZANAHORIA,CARROT,COMIDA,1
245,CENTAURO,CENTAUR,CRIATURAS_MITOLOGICAS,2
246,CICLOPE,CYCLOPS,CRIATURAS_MITOLOGICAS,2
247,DRAGON,DRAGON,CRIATURAS_MITOLOGICAS,1
248,DUENDE,IMP,CRIATURAS_MITOLOGICAS,1
249,ELFO,ELF,CRIATURAS_MITOLOGICAS,1
250,ESFINGE,SPHINX,CRIATURAS_MITOLOGICAS,2
251,FANTASMA,GHOST,CRIATURAS_MITOLOGICAS,1
252,FENIX,PHOENIX,CRIATURAS_MITOLOGICAS,2
253,GARGOLA,GARGOYLE,CRIATURAS_MITOLOGICAS,2
254,GNOMO,GNOME,CRIATURAS_MITOLOGICAS,2
255,GOBLIN,GOBLIN,CRIATURAS_MITOLOGICAS,2
256,GRIFO,GRIFFIN,CRIATURAS_MITOLOGICAS,2
257,HADA,FAIRY,CRIATURAS_MITOLOGICAS,1
258,HIDRA,HYDRA,CRIATURAS_MITOLOGICAS,2
259,HOMBRE LOBO,WEREWOLF,CRIATURAS_MITOLOGICAS,2
260,KRAKEN,KRAKEN,CRIATURAS_MITOLOGICAS,2
261,MINOTAURO,MINOTAUR,CRIATURAS_MITOLOGICAS,2
262,MOMIA,MUMMY,CRIATURAS_MITOLOGICAS,1
263,OGRO,OGRE,CRIATURAS_MITOLOGICAS,1
264,PEGASO,PEGASUS,CRIATURAS_MITOLOGICAS,2
265,SIRENA,MERMAID,CRIATURAS_MITOLOGICAS,1
266,TROLL,TROLL,CRIATURAS_MITOLOGICAS,1
267,UNICORNIO,UNICORN,CRIATURAS_MITOLOGICAS,1
268,VAMPIRO,VAMPIRE,CRIATURAS_MITOLOGICAS,1
269,ZOMBI,ZOMBIE,CRIATURAS_MITOLOGICAS,1
270,BOCA,MOUTH,CUERPO_HUMANO,1
271,BRAZO,ARM,CUERPO_HUMANO,1
272,CABEZA,HEAD,CUERPO_HUMANO,1
273,CADERA,HIP,CUERPO_HUMANO,2
274,CALAVERA,SKULL,CUERPO_HUMANO,1
275,CEJA,EYEBROW,CUERPO_HUMANO,2
276,CEREBRO,BRAIN,CUERPO_HUMANO,1
277,CINTURA,WAIST,CUERPO_HUMANO,2
278,CODO,ELBOW,CUERPO_HUMANO,2
279,COLUMNA VERTEBRAL,SPINE,CUERPO_HUMANO,2
280,CORAZON,HEART,CUERPO_HUMANO,1
281,COSTILLA,RIB,CUERPO_HUMANO,2
282,CUELLO,NECK,CUERPO_HUMANO,1
283,DEDO,FINGER,CUERPO_HUMANO,1
284,DIENTE,TOOTH,CUERPO_HUMANO,1
285,ESPALDA,BACK,CUERPO_HUMANO,1
286,ESQUELETO,SKELETON,CUERPO_HUMANO,1
287,ESTOMAGO,STOMACH,CUERPO_HUMANO,2
288,FRENTE,FOREHEAD,CUERPO_HUMANO,2
289,HIGADO,LIVER,CUERPO_HUMANO,2
290,HOMBRO,SHOULDER,CUERPO_HUMANO,1
291,LENGUA,TONGUE,CUERPO_HUMANO,1
292,MANO,HAND,CUERPO_HUMANO,1
293,MEJILLA,CHEEK,CUERPO_HUMANO,2
294,MENTON,CHIN,CUERPO_HUMANO,2
295,MUNECA,WRIST,CUERPO_HUMANO,2
296,MUSCULO,MUSCLE,CUERPO_HUMANO,2
297,NARIZ,NOSE,CUERPO_HUMANO,1
298,NUCA,NAPE,CUERPO_HUMANO,2
299,OJO,EYE,CUERPO_HUMANO,1
300,OREJA,EAR,CUERPO_HUMANO,1
301,PECHO,CHEST,CUERPO_HUMANO,1
302,PESTANA,EYELASH,CUERPO_HUMANO,2
303,PIE,FOOT,CUERPO_HUMANO,1
304,PIERNA,LEG,CUERPO_HUMANO,1
305,PULMON,LUNG,CUERPO_HUMANO,2
306,RINON,KIDNEY,CUERPO_HUMANO,2
307,RODILLA,KNEE,CUERPO_HUMANO,1
308,TALON,HEEL,CUERPO_HUMANO,2
309,TOBILLO,ANKLE,CUERPO_HUMANO,2
310,ARCO,BOW,DEPORTES_JUGUETES,2
311,ARO DE BASQUET,BASKETBALL HOOP,DEPORTES_JUGUETES,1
312,BALON,BALL,DEPORTES_JUGUETES,1
313,BASTON DE ESQUI,SKI POLE,DEPORTES_JUGUETES,2
314,BATE,BAT,DEPORTES_JUGUETES,1
315,BLOQUES DE CONSTRUCCION,BUILDING BLOCKS,DEPORTES_JUGUETES,1
316,CANASTA,BASKET,DEPORTES_JUGUETES,1
317,CANICAS,MARBLES,DEPORTES_JUGUETES,2
318,CARRITO DE JUGUETE,TOY CAR,DEPORTES_JUGUETES,1
319,COMETA,KITE,DEPORTES_JUGUETES,1
320,CUBO RUBIK,RUBIKS CUBE,DEPORTES_JUGUETES,1
321,CUERDA PARA SALTAR,JUMP ROPE,DEPORTES_JUGUETES,1
322,DADO,DICE,DEPORTES_JUGUETES,1
323,ESQUIES,SKIS,DEPORTES_JUGUETES,2
324,FLECHA,ARROW,DEPORTES_JUGUETES,1
325,GUANTE DE BEISBOL,BASEBALL GLOVE,DEPORTES_JUGUETES,1
326,GUANTE DE BOX,BOXING GLOVE,DEPORTES_JUGUETES,1
327,HULA HOOP,HULA HOOP,DEPORTES_JUGUETES,1
328,MEDALLA,MEDAL,DEPORTES_JUGUETES,1
329,MUNECO DE ACCION,ACTION FIGURE,DEPORTES_JUGUETES,1
330,NAIPE,PLAYING CARD,DEPORTES_JUGUETES,2
331,OSITO DE PELUCHE,TEDDY BEAR,DEPORTES_JUGUETES,1
332,PALO DE GOLF,GOLF CLUB,DEPORTES_JUGUETES,1
333,PALO DE HOCKEY,HOCKEY STICK,DEPORTES_JUGUETES,1
334,PATIN,ROLLER SKATE,DEPORTES_JUGUETES,1
335,PATINES DE HIELO,ICE SKATES,DEPORTES_JUGUETES,2
336,PATO DE HULE,RUBBER DUCK,DEPORTES_JUGUETES,1
337,PELOTA,BALL,DEPORTES_JUGUETES,1
338,PELOTA DE BASQUET,BASKETBALL,DEPORTES_JUGUETES,1
339,PELOTA DE PLAYA,BEACH BALL,DEPORTES_JUGUETES,1
340,PELOTA DE TENIS,TENNIS BALL,DEPORTES_JUGUETES,1
341,PORTERIA DE FUTBOL,SOCCER GOAL,DEPORTES_JUGUETES,1
342,RAQUETA,RACKET,DEPORTES_JUGUETES,1
343,RED,NET,DEPORTES_JUGUETES,2
344,ROMPECABEZAS,JIGSAW PUZZLE,DEPORTES_JUGUETES,2
345,TABLA DE SURF,SURFBOARD,DEPORTES_JUGUETES,1
346,TABLERO DE AJEDREZ,CHESSBOARD,DEPORTES_JUGUETES,2
347,TREN DE JUGUETE,TOY TRAIN,DEPORTES_JUGUETES,1
348,TROFEO,TROPHY,DEPORTES_JUGUETES,1
349,TROMPO,SPINNING TOP,DEPORTES_JUGUETES,2
350,YOYO,YOYO,DEPORTES_JUGUETES,1
351,AEROPUERTO,AIRPORT,EDIFICIOS,1
352,BANCO,BANK,EDIFICIOS,1
353,BIBLIOTECA,LIBRARY,EDIFICIOS,1
354,BODEGA,WAREHOUSE,EDIFICIOS,2
355,CABANA,CABIN,EDIFICIOS,1
356,CAPILLA,CHAPEL,EDIFICIOS,2
357,CARCEL,JAIL,EDIFICIOS,1
358,CARNICERIA,BUTCHER SHOP,EDIFICIOS,2
359,CASA,HOUSE,EDIFICIOS,1
360,CHOZA,HUT,EDIFICIOS,2
361,CINE,CINEMA,EDIFICIOS,1
362,CORREO,POST OFFICE,EDIFICIOS,2
363,CUARTEL,BARRACKS,EDIFICIOS,2
364,ESCUELA,SCHOOL,EDIFICIOS,1
365,ESTABLO,STABLE,EDIFICIOS,2
366,ESTACION DE TREN,TRAIN STATION,EDIFICIOS,2
367,FABRICA,FACTORY,EDIFICIOS,2
368,FARMACIA,PHARMACY,EDIFICIOS,1
369,GARAJE,GARAGE,EDIFICIOS,1
370,GASOLINERA,GAS STATION,EDIFICIOS,1
371,GRANJA,FARM,EDIFICIOS,1
372,HOSPITAL,HOSPITAL,EDIFICIOS,1
373,IGLU,IGLOO,EDIFICIOS,1
374,INVERNADERO,GREENHOUSE,EDIFICIOS,2
375,MERCADO,MARKET,EDIFICIOS,1
376,MEZQUITA,MOSQUE,EDIFICIOS,1
377,MUSEO,MUSEUM,EDIFICIOS,1
378,PAGODA,PAGODA,EDIFICIOS,1
379,PANADERIA,BAKERY,EDIFICIOS,1
380,RASCACIELOS,SKYSCRAPER,EDIFICIOS,1
381,SINAGOGA,SYNAGOGUE,EDIFICIOS,2
382,SUPERMERCADO,SUPERMARKET,EDIFICIOS,1
383,TEATRO,THEATER,EDIFICIOS,1
384,TIENDA DE CAMPANA,TENT,EDIFICIOS,1
385,UNIVERSIDAD,UNIVERSITY,EDIFICIOS,2
386,ARCOIRIS,RAINBOW,FENOMENOS_NATURALES,1
387,AURORA BOREAL,AURORA,FENOMENOS_NATURALES,2
388,AVALANCHA,AVALANCHE,FENOMENOS_NATURALES,2
389,CASCADA,WATERFALL,FENOMENOS_NATURALES,1
390,ECLIPSE,ECLIPSE,FENOMENOS_NATURALES,1
391,ERUPCION,ERUPTION,FENOMENOS_NATURALES,2
392,ESCARCHA,FROST,FENOMENOS_NATURALES,2
393,ESTALACTITA,STALACTITE,FENOMENOS_NATURALES,2
394,ESTALAGMITA,STALAGMITE,FENOMENOS_NATURALES,2
395,ESTRELLA FUGAZ,SHOOTING STAR,FENOMENOS_NATURALES,1
396,GEISER,GEYSER,FENOMENOS_NATURALES,2
397,GLACIAR,GLACIER,FENOMENOS_NATURALES,1
398,GRANIZO,HAIL,FENOMENOS_NATURALES,2
399,HURACAN,HURRICANE,FENOMENOS_NATURALES,2
400,LLUVIA,RAIN,FENOMENOS_NATURALES,1
401,LLUVIA DE METEORITOS,METEOR SHOWER,FENOMENOS_NATURALES,2
402,MAREA,TIDE,FENOMENOS_NATURALES,2
403,NEVADA,SNOWFALL,FENOMENOS_NATURALES,2
404,NIEBLA,FOG,FENOMENOS_NATURALES,2
405,NUBE,CLOUD,FENOMENOS_NATURALES,1
406,OASIS,OASIS,FENOMENOS_NATURALES,2
407,RAYO,LIGHTNING,FENOMENOS_NATURALES,1
408,REMOLINO,WHIRLPOOL,FENOMENOS_NATURALES,2
409,ROCIO,DEW,FENOMENOS_NATURALES,3
410,TERREMOTO,EARTHQUAKE,FENOMENOS_NATURALES,2
411,TORMENTA DE ARENA,SANDSTORM,FENOMENOS_NATURALES,2
412,TORNADO,TORNADO,FENOMENOS_NATURALES,1
413,TRUENO,THUNDER,FENOMENOS_NATURALES,2
414,TSUNAMI,TSUNAMI,FENOMENOS_NATURALES,2
415,VENTISCA,BLIZZARD,FENOMENOS_NATURALES,2
416,VOLCAN,VOLCANO,FENOMENOS_NATURALES,1
417,ABRELATAS,CAN OPENER,HERRAMIENTAS,2
418,ALICATE,PLIERS,HERRAMIENTAS,2
419,CADENA,CHAIN,HERRAMIENTAS,1
420,CINTA METRICA,TAPE MEASURE,HERRAMIENTAS,2
421,CLAVO,NAIL,HERRAMIENTAS,1
422,CORTAUNAS,NAIL CLIPPER,HERRAMIENTAS,2
423,CUERDA,ROPE,HERRAMIENTAS,1
424,DESTAPADOR,BOTTLE OPENER,HERRAMIENTAS,1
425,DESTORNILLADOR,SCREWDRIVER,HERRAMIENTAS,1
426,ESCALERA,LADDER,HERRAMIENTAS,1
427,GATO HIDRAULICO,CAR JACK,HERRAMIENTAS,2
428,HACHA,AXE,HERRAMIENTAS,1
429,IMAN,MAGNET,HERRAMIENTAS,1
430,LIJA,SANDPAPER,HERRAMIENTAS,2
431,LIMA,FILE,HERRAMIENTAS,2
432,LLAVE INGLESA,WRENCH,HERRAMIENTAS,2
433,MANGUERA,HOSE,HERRAMIENTAS,1
434,MARTILLO,HAMMER,HERRAMIENTAS,1
435,MOTOSIERRA,CHAINSAW,HERRAMIENTAS,1
436,NIVEL,SPIRIT LEVEL,HERRAMIENTAS,2
437,PALA,SHOVEL,HERRAMIENTAS,1
438,PINCEL,PAINTBRUSH,HERRAMIENTAS,1
439,PODADORA,LAWNMOWER,HERRAMIENTAS,2
440,RASTRILLO,RAKE,HERRAMIENTAS,2
441,REGADERA,WATERING CAN,HERRAMIENTAS,1
442,RODILLO,PAINT ROLLER,HERRAMIENTAS,2
443,SIERRA,SAW,HERRAMIENTAS,1
444,SOPLETE,BLOWTORCH,HERRAMIENTAS,2
445,TALADRO,DRILL,HERRAMIENTAS,1
446,TENAZA,TONGS,HERRAMIENTAS,2
447,TORNILLO,SCREW,HERRAMIENTAS,1
448,TUERCA,NUT,HERRAMIENTAS,2
449,YUNQUE,ANVIL,HERRAMIENTAS,2
450,ACORDEON,ACCORDION,INSTRUMENTOS_MUSICALES,2
451,AMPLIFICADOR,AMPLIFIER,INSTRUMENTOS_MUSICALES,2
452,ARMONICA,HARMONICA,INSTRUMENTOS_MUSICALES,2
453,ARPA,HARP,INSTRUMENTOS_MUSICALES,1
454,ATRIL,MUSIC STAND,INSTRUMENTOS_MUSICALES,2
455,BANJO,BANJO,INSTRUMENTOS_MUSICALES,2
456,BATERIA,DRUM KIT,INSTRUMENTOS_MUSICALES,1
457,BONGO,BONGO,INSTRUMENTOS_MUSICALES,2
458,CAMPANA,BELL,INSTRUMENTOS_MUSICALES,1
459,CASTANUELAS,CASTANETS,INSTRUMENTOS_MUSICALES,2
460,CLARINETE,CLARINET,INSTRUMENTOS_MUSICALES,2
461,CONTRABAJO,DOUBLE BASS,INSTRUMENTOS_MUSICALES,2
462,CORNETA,BUGLE,INSTRUMENTOS_MUSICALES,2
463,CUERNO,HORN,INSTRUMENTOS_MUSICALES,2
464,DIDGERIDOO,DIDGERIDOO,INSTRUMENTOS_MUSICALES,3
465,FLAUTA,FLUTE,INSTRUMENTOS_MUSICALES,1
466,GAITA,BAGPIPES,INSTRUMENTOS_MUSICALES,2
467,GUITARRA,GUITAR,INSTRUMENTOS_MUSICALES,1
468,MARACAS,MARACAS,INSTRUMENTOS_MUSICALES,1
469,METRONOMO,METRONOME,INSTRUMENTOS_MUSICALES,2
470,ORGANO,ORGAN,INSTRUMENTOS_MUSICALES,2
471,PANDERETA,TAMBOURINE,INSTRUMENTOS_MUSICALES,2
472,PIANO,PIANO,INSTRUMENTOS_MUSICALES,1
473,SAXOFON,SAXOPHONE,INSTRUMENTOS_MUSICALES,1
474,TAMBOR,DRUM,INSTRUMENTOS_MUSICALES,1
475,TIMBAL,TIMPANI,INSTRUMENTOS_MUSICALES,2
476,TRIANGULO,TRIANGLE,INSTRUMENTOS_MUSICALES,1
477,TROMBON,TROMBONE,INSTRUMENTOS_MUSICALES,2
478,TROMPETA,TRUMPET,INSTRUMENTOS_MUSICALES,1
479,TUBA,TUBA,INSTRUMENTOS_MUSICALES,2
480,UKELELE,UKULELE,INSTRUMENTOS_MUSICALES,1
481,VIOLIN,VIOLIN,INSTRUMENTOS_MUSICALES,1
482,VIOLONCHELO,CELLO,INSTRUMENTOS_MUSICALES,2
483,XILOFONO,XYLOPHONE,INSTRUMENTOS_MUSICALES,2
484,ACANTILADO,CLIFF,LUGARES_FISICOS,2
485,ARRECIFE,REEF,LUGARES_FISICOS,2
486,BOSQUE,FOREST,LUGARES_FISICOS,1
487,CATARATA,WATERFALL,LUGARES_FISICOS,1
488,CAVERNA,CAVERN,LUGARES_FISICOS,2
489,COLINA,HILL,LUGARES_FISICOS,2
490,CUEVA,CAVE,LUGARES_FISICOS,1
491,DELTA,DELTA,LUGARES_FISICOS,2
492,DESIERTO,DESERT,LUGARES_FISICOS,1
493,DUNA,DUNE,LUGARES_FISICOS,2
494,ESTEPA,STEPPE,LUGARES_FISICOS,3
495,FIORDO,FJORD,LUGARES_FISICOS,3
496,GRUTA,GROTTO,LUGARES_FISICOS,2
497,ISLA,ISLAND,LUGARES_FISICOS,1
498,LAGO,LAKE,LUGARES_FISICOS,1
499,LAGUNA,LAGOON,LUGARES_FISICOS,2
500,MANANTIAL,SPRING,LUGARES_FISICOS,3
501,MAR,SEA,LUGARES_FISICOS,1
502,MONTANA,MOUNTAIN,LUGARES_FISICOS,1
503,OCEANO,OCEAN,LUGARES_FISICOS,2
504,PANTANO,SWAMP,LUGARES_FISICOS,2
505,PENINSULA,PENINSULA,LUGARES_FISICOS,2
506,PLAYA,BEACH,LUGARES_FISICOS,1
507,PRADERA,MEADOW,LUGARES_FISICOS,2
508,RIO,RIVER,LUGARES_FISICOS,1
509,SABANA,SAVANNA,LUGARES_FISICOS,2
510,SELVA,JUNGLE,LUGARES_FISICOS,1
511,TUNDRA,TUNDRA,LUGARES_FISICOS,3
512,VALLE,VALLEY,LUGARES_FISICOS,2
513,ACUEDUCTO,AQUEDUCT,MONUMENTOS_LUGARES,2
514,ANFITEATRO,AMPHITHEATER,MONUMENTOS_LUGARES,2
515,ARCO DEL TRIUNFO,ARC DE TRIOMPHE,MONUMENTOS_LUGARES,1
516,BIG BEN,BIG BEN,MONUMENTOS_LUGARES,1
517,CASTILLO,CASTLE,MONUMENTOS_LUGARES,1
518,CATEDRAL,CATHEDRAL,MONUMENTOS_LUGARES,2
519,COLISEO,COLOSSEUM,MONUMENTOS_LUGARES,1
520,CRISTO REDENTOR,CHRIST THE REDEEMER,MONUMENTOS_LUGARES,1
521,ESTADIO,STADIUM,MONUMENTOS_LUGARES,1
522,ESTATUA,STATUE,MONUMENTOS_LUGARES,1
523,ESTATUA DE LA LIBERTAD,STATUE OF LIBERTY,MONUMENTOS_LUGARES,1
524,FARO,LIGHTHOUSE,MONUMENTOS_LUGARES,1
525,FUENTE,FOUNTAIN,MONUMENTOS_LUGARES,1
526,IGLESIA,CHURCH,MONUMENTOS_LUGARES,1
527,MACHU PICCHU,MACHU PICCHU,MONUMENTOS_LUGARES,2
528,MIRADOR,LOOKOUT,MONUMENTOS_LUGARES,2
529,MOLINO DE VIENTO,WINDMILL,MONUMENTOS_LUGARES,1
530,MONTE RUSHMORE,MOUNT RUSHMORE,MONUMENTOS_LUGARES,2
531,MUELLE,PIER,MONUMENTOS_LUGARES,2
532,MURALLA CHINA,GREAT WALL OF CHINA,MONUMENTOS_LUGARES,2
533,OBELISCO,OBELISK,MONUMENTOS_LUGARES,1
534,PALACIO,PALACE,MONUMENTOS_LUGARES,2
535,PARQUE,PARK,MONUMENTOS_LUGARES,1
536,PIRAMIDE,PYRAMID,MONUMENTOS_LUGARES,1
537,PLAZA,PLAZA,MONUMENTOS_LUGARES,2
538,PUENTE,BRIDGE,MONUMENTOS_LUGARES,1
539,PUERTO,HARBOR,MONUMENTOS_LUGARES,2
540,RUINAS,RUINS,MONUMENTOS_LUGARES,2
541,TAJ MAHAL,TAJ MAHAL,MONUMENTOS_LUGARES,2
542,TEMPLO,TEMPLE,MONUMENTOS_LUGARES,2
543,TORRE DE CONTROL,CONTROL TOWER,MONUMENTOS_LUGARES,2
544,TORRE DE PISA,LEANING TOWER OF PISA,MONUMENTOS_LUGARES,1
545,TORRE EIFFEL,EIFFEL TOWER,MONUMENTOS_LUGARES,1
546,ABANICO,HAND FAN,OBJETOS_MUEBLES,1
547,ALFOMBRA,CARPET,OBJETOS_MUEBLES,2
548,ALMOHADA,PILLOW,OBJETOS_MUEBLES,1
549,ANTEOJOS,GLASSES,OBJETOS_MUEBLES,1
550,ARMARIO,WARDROBE,OBJETOS_MUEBLES,2
551,ASPIRADORA,VACUUM CLEANER,OBJETOS_MUEBLES,2
552,BALDE,BUCKET,OBJETOS_MUEBLES,1
553,BASURERO,TRASH CAN,OBJETOS_MUEBLES,1
554,BATIDOR,WHISK,OBJETOS_MUEBLES,2
555,BAUL,CHEST,OBJETOS_MUEBLES,2
556,BILLETERA,WALLET,OBJETOS_MUEBLES,2
557,BOLSO,BAG,OBJETOS_MUEBLES,2
558,BOTELLA,BOTTLE,OBJETOS_MUEBLES,1
559,CAJA,BOX,OBJETOS_MUEBLES,1
560,CALEFACTOR,HEATER,OBJETOS_MUEBLES,2
561,CAMA,BED,OBJETOS_MUEBLES,1
562,CANDADO,PADLOCK,OBJETOS_MUEBLES,2
563,CARTERA,PURSE,OBJETOS_MUEBLES,2
564,CEPILLO,BRUSH,OBJETOS_MUEBLES,2
565,CHIMENEA,FIREPLACE,OBJETOS_MUEBLES,1
566,COLADOR,STRAINER,OBJETOS_MUEBLES,1
567,CORTINA,CURTAIN,OBJETOS_MUEBLES,2
568,CUADRO,PAINTING,OBJETOS_MUEBLES,1
569,CUCHARA,SPOON,OBJETOS_MUEBLES,1
570,CUCHILLO,KNIFE,OBJETOS_MUEBLES,1
571,ESCOBA,BROOM,OBJETOS_MUEBLES,1
572,ESPATULA,SPATULA,OBJETOS_MUEBLES,1
573,ESPEJO,MIRROR,OBJETOS_MUEBLES,1
574,ESTANTE,SHELF,OBJETOS_MUEBLES,2
575,FLORERO,VASE,OBJETOS_MUEBLES,2
576,FRASCO,JAR,OBJETOS_MUEBLES,1
577,HELADERA,FRIDGE,OBJETOS_MUEBLES,1
578,HORNO,OVEN,OBJETOS_MUEBLES,1
579,JABON,SOAP,OBJETOS_MUEBLES,1
580,JARRA,PITCHER,OBJETOS_MUEBLES,1
581,LAMPARA,LAMP,OBJETOS_MUEBLES,1
582,LATA,CAN,OBJETOS_MUEBLES,1
583,LAVARROPAS,WASHING MACHINE,OBJETOS_MUEBLES,2
584,LICUADORA,BLENDER,OBJETOS_MUEBLES,2
585,LLAVE,KEY,OBJETOS_MUEBLES,1
586,MACETA,FLOWERPOT,OBJETOS_MUEBLES,2
587,MALETA,SUITCASE,OBJETOS_MUEBLES,1
588,MANTA,BLANKET,OBJETOS_MUEBLES,2
589,MESA,TABLE,OBJETOS_MUEBLES,1
590,MICROONDAS,MICROWAVE,OBJETOS_MUEBLES,2
591,MOCHILA,BACKPACK,OBJETOS_MUEBLES,1
592,MOLDE PARA TORTA,CAKE PAN,OBJETOS_MUEBLES,2
593,OLLA,POT,OBJETOS_MUEBLES,1
594,PARAGUAS,UMBRELLA,OBJETOS_MUEBLES,1
595,PEINE,COMB,OBJETOS_MUEBLES,1
596,PERCHA,HANGER,OBJETOS_MUEBLES,1
597,PLANCHA,IRON,OBJETOS_MUEBLES,1
598,PLATO,PLATE,OBJETOS_MUEBLES,1
599,PORTARRETRATO,PICTURE FRAME,OBJETOS_MUEBLES,2
600,PUERTA,DOOR,OBJETOS_MUEBLES,1
601,RALLADOR,GRATER,OBJETOS_MUEBLES,2
602,RELOJ,CLOCK,OBJETOS_MUEBLES,1
603,SARTEN,FRYING PAN,OBJETOS_MUEBLES,1
604,SILLA,CHAIR,OBJETOS_MUEBLES,1
605,SOFA,SOFA,OBJETOS_MUEBLES,1
606,TABLA DE CORTAR,CUTTING BOARD,OBJETOS_MUEBLES,1
607,TAZA,MUG,OBJETOS_MUEBLES,1
608,TENDEDERO,CLOTHESLINE,OBJETOS_MUEBLES,2
609,TENEDOR,FORK,OBJETOS_MUEBLES,1
610,TERMO,THERMOS,OBJETOS_MUEBLES,1
611,TIJERA,SCISSORS,OBJETOS_MUEBLES,1
612,TOALLA,TOWEL,OBJETOS_MUEBLES,2
613,TOSTADORA,TOASTER,OBJETOS_MUEBLES,2
614,VASO,GLASS,OBJETOS_MUEBLES,1
615,VELA,CANDLE,OBJETOS_MUEBLES,1
616,VENTANA,WINDOW,OBJETOS_MUEBLES,1
617,VENTILADOR,FAN,OBJETOS_MUEBLES,1
618,BANDERA,FLAG,PAPELERIA_OFICINA,1
619,BORRADOR,ERASER,PAPELERIA_OFICINA,1
620,CALCULADORA,CALCULATOR,PAPELERIA_OFICINA,1
621,CARPETA,FOLDER,PAPELERIA_OFICINA,2
622,CLIPS,PAPER CLIPS,PAPELERIA_OFICINA,2
623,CUADERNO,NOTEBOOK,PAPELERIA_OFICINA,1
624,ESTAMPILLA,STAMP,PAPELERIA_OFICINA,2
625,GLOBO TERRAQUEO,GLOBE,PAPELERIA_OFICINA,1
626,GRAPADORA,STAPLER,PAPELERIA_OFICINA,1
627,LAPICERA,PEN,PAPELERIA_OFICINA,1
628,LAPIZ,PENCIL,PAPELERIA_OFICINA,1
629,LIBRO,BOOK,PAPELERIA_OFICINA,1
630,MAPA,MAP,PAPELERIA_OFICINA,2
631,MARCADOR,MARKER,PAPELERIA_OFICINA,1
632,PEGAMENTO,GLUE,PAPELERIA_OFICINA,1
633,REGLA,RULER,PAPELERIA_OFICINA,1
634,RESALTADOR,HIGHLIGHTER,PAPELERIA_OFICINA,2
635,SACAPUNTAS,PENCIL SHARPENER,PAPELERIA_OFICINA,1
636,SOBRE,ENVELOPE,PAPELERIA_OFICINA,2
637,ABETO,FIR TREE,PLANTAS,1
638,ALGA,SEAWEED,PLANTAS,2
639,ALOE,ALOE,PLANTAS,1
640,ARBOL,TREE,PLANTAS,1
641,ARBUSTO,BUSH,PLANTAS,2
642,ARROZ,RICE,PLANTAS,2
643,BAMBU,BAMBOO,PLANTAS,1
644,BELLOTA,ACORN,PLANTAS,2
645,BONSAI,BONSAI,PLANTAS,1
646,BROTE,SPROUT,PLANTAS,2
647,CACTUS,CACTUS,PLANTAS,1
648,CEDRO,CEDAR,PLANTAS,2
649,CLAVEL,CARNATION,PLANTAS,1
650,DIENTE DE LEON,DANDELION,PLANTAS,1
651,ENREDADERA,VINE,PLANTAS,2
652,ESPIGA,WHEAT EAR,PLANTAS,2
653,EUCALIPTO,EUCALYPTUS,PLANTAS,2
654,FLOR,FLOWER,PLANTAS,1
655,GERANIO,GERANIUM,PLANTAS,2
656,GIRASOL,SUNFLOWER,PLANTAS,1
657,HELECHO,FERN,PLANTAS,2
658,HOJA,LEAF,PLANTAS,1
659,HONGO,MUSHROOM,PLANTAS,1
660,JAZMIN,JASMINE,PLANTAS,2
661,JUNCO,REED,PLANTAS,2
662,LAVANDA,LAVENDER,PLANTAS,2
663,LOTO,LOTUS,PLANTAS,2
664,MAIZ,CORN,PLANTAS,1
665,MALEZA,WEED,PLANTAS,2
666,MANZANO,APPLE TREE,PLANTAS,1
667,MARGARITA,DAISY,PLANTAS,2
668,MUSGO,MOSS,PLANTAS,2
669,NARANJO,ORANGE TREE,PLANTAS,1
670,NENUFAR,WATER LILY,PLANTAS,2
671,OLIVO,OLIVE TREE,PLANTAS,2
672,ORQUIDEA,ORCHID,PLANTAS,2
673,ORTIGA,NETTLE,PLANTAS,2
674,PALMA,PALM,PLANTAS,1
675,PALMERA,PALM TREE,PLANTAS,1
676,PAPIRO,PAPYRUS,PLANTAS,3
677,PASTO,GRASS,PLANTAS,1
678,PINA,PINEAPPLE,PLANTAS,1
679,PINO,PINE,PLANTAS,1
680,RAIZ,ROOT,PLANTAS,2
681,RAMA,BRANCH,PLANTAS,1
682,ROBLE,OAK,PLANTAS,2
683,ROSA,ROSE,PLANTAS,1
684,SAUCE,WILLOW,PLANTAS,2
685,SECOYA,SEQUOIA,PLANTAS,2
686,SEMILLA,SEED,PLANTAS,1
687,SETA,MUSHROOM,PLANTAS,2
688,TREBOL,CLOVER,PLANTAS,1
689,TRIGO,WHEAT,PLANTAS,2
690,TRONCO,TRUNK,PLANTAS,1
691,TULIPAN,TULIP,PLANTAS,1
692,VID,GRAPEVINE,PLANTAS,2
693,ANCLA,ANCHOR,PROFESIONES_SIMBOLO,1
694,BALANZA,SCALES,PROFESIONES_SIMBOLO,1
695,BATUTA,BATON,PROFESIONES_SIMBOLO,2
696,BOTIQUIN,FIRST AID KIT,PROFESIONES_SIMBOLO,1
697,BRUJULA,COMPASS,PROFESIONES_SIMBOLO,1
698,CAMARA FOTOGRAFICA,PHOTO CAMERA,PROFESIONES_SIMBOLO,1
699,CANA DE PESCAR,FISHING ROD,PROFESIONES_SIMBOLO,1
700,CASCO DE ASTRONAUTA,ASTRONAUT HELMET,PROFESIONES_SIMBOLO,1
701,CASCO DE CONSTRUCCION,HARD HAT,PROFESIONES_SIMBOLO,2
702,CASCO DE MINERO,MINER HELMET,PROFESIONES_SIMBOLO,2
703,CLAQUETA,CLAPPERBOARD,PROFESIONES_SIMBOLO,1
704,ESTETOSCOPIO,STETHOSCOPE,PROFESIONES_SIMBOLO,1
705,EXTINTOR,FIRE EXTINGUISHER,PROFESIONES_SIMBOLO,1
706,JERINGA,SYRINGE,PROFESIONES_SIMBOLO,1
707,LUPA,MAGNIFYING GLASS,PROFESIONES_SIMBOLO,1
708,MALETIN MEDICO,DOCTOR BAG,PROFESIONES_SIMBOLO,2
709,MARTILLO DE JUEZ,GAVEL,PROFESIONES_SIMBOLO,2
710,MARTILLO NEUMATICO,JACKHAMMER,PROFESIONES_SIMBOLO,2
711,MICROFONO,MICROPHONE,PROFESIONES_SIMBOLO,1
712,MICROSCOPIO,MICROSCOPE,PROFESIONES_SIMBOLO,1
713,PALETA DE PINTOR,PAINT PALETTE,PROFESIONES_SIMBOLO,2
714,RED DE PESCA,FISHING NET,PROFESIONES_SIMBOLO,2
715,SILBATO,WHISTLE,PROFESIONES_SIMBOLO,1
716,SOMBRERO DE CHEF,CHEF HAT,PROFESIONES_SIMBOLO,2
717,TELESCOPIO,TELESCOPE,PROFESIONES_SIMBOLO,1
718,TIJERA DE PELUQUERO,BARBER SCISSORS,PROFESIONES_SIMBOLO,2
719,TIMON,SHIP WHEEL,PROFESIONES_SIMBOLO,2
720,TRAJE ESPACIAL,SPACESUIT,PROFESIONES_SIMBOLO,2
721,TRIPODE,TRIPOD,PROFESIONES_SIMBOLO,2
722,ABRIGO,COAT,ROPA_ACCESORIOS,1
723,ANILLO,RING,ROPA_ACCESORIOS,1
724,ANTIFAZ,EYE MASK,ROPA_ACCESORIOS,1
725,ARETE,EARRING,ROPA_ACCESORIOS,2
726,BOINA,BERET,ROPA_ACCESORIOS,2
727,BOTA,BOOT,ROPA_ACCESORIOS,1
728,BOTAS DE LLUVIA,RAIN BOOTS,ROPA_ACCESORIOS,1
729,BUFANDA,SCARF,ROPA_ACCESORIOS,1
730,CALCETINES,SOCKS,ROPA_ACCESORIOS,2
731,CAMISA,SHIRT,ROPA_ACCESORIOS,1
732,CAMPERA,JACKET,ROPA_ACCESORIOS,1
733,CAPA,CAPE,ROPA_ACCESORIOS,1
734,CASCO,HELMET,ROPA_ACCESORIOS,1
735,CHALECO,VEST,ROPA_ACCESORIOS,2
736,CINTURON,BELT,ROPA_ACCESORIOS,1
737,COLLAR,NECKLACE,ROPA_ACCESORIOS,1
738,CORBATA,TIE,ROPA_ACCESORIOS,1
739,CORONA,CROWN,ROPA_ACCESORIOS,1
740,DELANTAL,APRON,ROPA_ACCESORIOS,1
741,FALDA,SKIRT,ROPA_ACCESORIOS,1
742,GAFAS DE SOL,SUNGLASSES,ROPA_ACCESORIOS,1
743,GORRA,CAP,ROPA_ACCESORIOS,1
744,GORRO DE BANO,SHOWER CAP,ROPA_ACCESORIOS,1
745,GORRO DE LANA,BEANIE,ROPA_ACCESORIOS,1
746,GUANTE,GLOVE,ROPA_ACCESORIOS,1
747,IMPERMEABLE,RAINCOAT,ROPA_ACCESORIOS,2
748,MASCARA,MASK,ROPA_ACCESORIOS,1
749,MEDIAS,STOCKINGS,ROPA_ACCESORIOS,2
750,PANTALON,PANTS,ROPA_ACCESORIOS,1
751,PANUELO,HANDKERCHIEF,ROPA_ACCESORIOS,2
752,PIJAMA,PAJAMAS,ROPA_ACCESORIOS,2
753,PONCHO,PONCHO,ROPA_ACCESORIOS,1
754,PULSERA,BRACELET,ROPA_ACCESORIOS,1
755,RELOJ DE PULSERA,WRISTWATCH,ROPA_ACCESORIOS,1
756,SANDALIA,SANDAL,ROPA_ACCESORIOS,2
757,SHORT,SHORTS,ROPA_ACCESORIOS,2
758,SOMBRERO,HAT,ROPA_ACCESORIOS,1
759,TIRANTES,SUSPENDERS,ROPA_ACCESORIOS,2
760,TRAJE,SUIT,ROPA_ACCESORIOS,2
761,TRAJE DE BANO,SWIMSUIT,ROPA_ACCESORIOS,1
762,UNIFORME,UNIFORM,ROPA_ACCESORIOS,2
763,VESTIDO,DRESS,ROPA_ACCESORIOS,1
764,ZAPATILLA,SNEAKER,ROPA_ACCESORIOS,1
765,ZAPATO,SHOE,ROPA_ACCESORIOS,1
766,ANTENA,ANTENNA,TECNOLOGIA,1
767,AURICULARES,HEADPHONES,TECNOLOGIA,1
768,CABLE,CABLE,TECNOLOGIA,1
769,CAJERO AUTOMATICO,ATM,TECNOLOGIA,1
770,CAMARA,CAMERA,TECNOLOGIA,1
771,CAMARA DE SEGURIDAD,SECURITY CAMERA,TECNOLOGIA,1
772,CARGADOR,CHARGER,TECNOLOGIA,2
773,CASETE,CASSETTE,TECNOLOGIA,1
774,CELULAR,CELL PHONE,TECNOLOGIA,1
775,COMPUTADORA,COMPUTER,TECNOLOGIA,1
776,CONSOLA,CONSOLE,TECNOLOGIA,2
777,CONTROL REMOTO,REMOTE CONTROL,TECNOLOGIA,1
778,DISCO COMPACTO,COMPACT DISC,TECNOLOGIA,1
779,DISCO DURO,HARD DRIVE,TECNOLOGIA,2
780,DRON,DRONE,TECNOLOGIA,1
781,ENCHUFE,PLUG,TECNOLOGIA,1
782,GPS,GPS,TECNOLOGIA,2
783,IMPRESORA,PRINTER,TECNOLOGIA,1
784,JOYSTICK,JOYSTICK,TECNOLOGIA,2
785,LAPTOP,LAPTOP,TECNOLOGIA,1
786,LINTERNA,FLASHLIGHT,TECNOLOGIA,1
787,MEMORIA USB,USB DRIVE,TECNOLOGIA,2
788,MODEM,MODEM,TECNOLOGIA,2
789,MOUSE,MOUSE,TECNOLOGIA,1
790,PANTALLA,SCREEN,TECNOLOGIA,1
791,PARLANTE,SPEAKER,TECNOLOGIA,1
792,PILA,BATTERY,TECNOLOGIA,1
793,PROYECTOR,PROJECTOR,TECNOLOGIA,1
794,RADIO,RADIO,TECNOLOGIA,1
795,ROBOT,ROBOT,TECNOLOGIA,1
796,ROUTER,ROUTER,TECNOLOGIA,2
797,SATELITE,SATELLITE,TECNOLOGIA,1
798,SEMAFORO,TRAFFIC LIGHT,TECNOLOGIA,1
799,TABLET,TABLET,TECNOLOGIA,1
800,TECLADO,KEYBOARD,TECNOLOGIA,1
801,TELEFONO,TELEPHONE,TECNOLOGIA,1
802,TELEVISOR,TELEVISION,TECNOLOGIA,1
803,TOCADISCOS,RECORD PLAYER,TECNOLOGIA,1
804,VINILO,VINYL RECORD,TECNOLOGIA,1
805,WALKIE TALKIE,WALKIE TALKIE,TECNOLOGIA,1
806,AMBULANCIA,AMBULANCE,VEHICULOS,2
807,APLANADORA,STEAMROLLER,VEHICULOS,2
808,AUTO,CAR,VEHICULOS,1
809,AUTOBUS,BUS,VEHICULOS,1
810,AVION,AIRPLANE,VEHICULOS,1
811,BARCO,SHIP,VEHICULOS,1
812,BICICLETA,BICYCLE,VEHICULOS,1
813,CAMION,TRUCK,VEHICULOS,1
814,CAMION DE BOMBEROS,FIRE TRUCK,VEHICULOS,1
815,CANOA,CANOE,VEHICULOS,2
816,CARRETA,WAGON,VEHICULOS,2
817,CARRETILLA,WHEELBARROW,VEHICULOS,2
818,CARRO DE GOLF,GOLF CART,VEHICULOS,2
819,CARROZA,FLOAT,VEHICULOS,2
820,CARRUAJE,CARRIAGE,VEHICULOS,2
821,COHETE,ROCKET,VEHICULOS,1
822,CUATRICICLO,QUAD BIKE,VEHICULOS,2
823,EXCAVADORA,EXCAVATOR,VEHICULOS,1
824,FERRY,FERRY,VEHICULOS,2
825,GLOBO AEROSTATICO,HOT AIR BALLOON,VEHICULOS,2
826,GRUA,CRANE,VEHICULOS,1
827,HELICOPTERO,HELICOPTER,VEHICULOS,1
828,HIDROAVION,SEAPLANE,VEHICULOS,2
829,JETSKI,JET SKI,VEHICULOS,1
830,KAYAK,KAYAK,VEHICULOS,2
831,LANCHA,MOTORBOAT,VEHICULOS,1
832,MONOPATIN,SCOOTER,VEHICULOS,1
833,MONORRIEL,MONORAIL,VEHICULOS,2
834,MONTACARGAS,FORKLIFT,VEHICULOS,2
835,MOTO,MOTORCYCLE,VEHICULOS,1
836,MOTONIEVE,SNOWMOBILE,VEHICULOS,2
837,PATINETA,SKATEBOARD,VEHICULOS,1
838,PATRULLA,POLICE CAR,VEHICULOS,2
839,SUBMARINO,SUBMARINE,VEHICULOS,1
840,TAXI,TAXI,VEHICULOS,1
841,TELEFERICO,CABLE CAR,VEHICULOS,2
842,TRACTOR,TRACTOR,VEHICULOS,1
843,TRANSATLANTICO,OCEAN LINER,VEHICULOS,2
844,TRANVIA,TRAM,VEHICULOS,2
845,TREN,TRAIN,VEHICULOS,1
846,TRICICLO,TRICYCLE,VEHICULOS,1
847,TRINEO,SLED,VEHICULOS,1
848,VELERO,SAILBOAT,VEHICULOS,2
849,YATE,YACHT,VEHICULOS,1
850,ZEPPELIN,ZEPPELIN,VEHICULOS,2
